strategy,ticker,name,total_return_pct,final_capital,num_trades,win_rate,max_drawdown
MultiFactor_334_40,086520,에코프로,4305.26011943301,4405260119.43301,88,31.818181818181817,-69.30448095805166
MomQuality_20_10,042700,한미반도체,3805.3606832250116,3905360683.225012,97,51.546391752577314,-48.93817753302031
MultiFactor_334_40,042700,한미반도체,3301.7991415800047,3401799141.5800047,79,29.11392405063291,-41.74263717989733
MomQuality_10_5,086520,에코프로,3164.204623105016,3264204623.1050158,138,39.85507246376812,-79.8689756370941
Voting_3,042700,한미반도체,3074.3191501850138,3174319150.185014,149,46.308724832214764,-48.87993917123283
MultiFactor_443_50,042700,한미반도체,3031.611971405005,3131611971.405005,90,30.0,-48.776293882125096
MultiFactor_443_50,086520,에코프로,2928.76407067301,3028764070.67301,96,30.208333333333332,-66.83831143711258
MultiFactor_334_40,196170,알테오젠,2352.9838191650088,2452983819.165009,86,26.744186046511626,-68.32786398924092
Voting_3,196170,알테오젠,1964.7208409320165,2064720840.9320164,140,42.142857142857146,-73.0910961427343
Voting_4,196170,알테오젠,1469.360920054014,1569360920.0540142,151,44.370860927152314,-66.06482944088849
Voting_4,042700,한미반도체,1380.234355815007,1480234355.815007,139,48.92086330935252,-29.94911607660122
MultiFactor_532_60,042700,한미반도체,1201.0985490500054,1301098549.0500054,113,45.13274336283185,-27.29082404499985
MultiFactor_443_50,196170,알테오젠,1045.5111342020066,1145511134.2020066,91,28.57142857142857,-74.0751645626244
MultiFactor_532_60,196170,알테오젠,913.3151438950061,1013315143.8950062,121,39.66942148760331,-75.36358399624199
MomQuality_20_10,086520,에코프로,888.7918387710054,988791838.7710053,96,34.375,-80.58418443839885
Adaptive_40,196170,알테오젠,881.6624998600055,981662499.8600055,89,40.44943820224719,-63.02002317417534
Adaptive_30,196170,알테오젠,843.0179829730046,943017982.9730046,84,40.476190476190474,-57.42396029633888
MomQuality_10_5,196170,알테오젠,814.0956720080068,914095672.0080068,136,41.17647058823529,-76.27976969404712
MultiFactor_334_40,247540,에코프로비엠,784.8635326200064,884863532.6200064,78,24.358974358974358,-83.38811359406645
MultiFactor_443_50,247540,에코프로비엠,741.713027410006,841713027.410006,91,35.16483516483517,-80.91832238441404
Voting_3,086520,에코프로,703.5628189290051,803562818.929005,177,41.80790960451977,-79.40535988115555
Adaptive_40,042700,한미반도체,623.7345662950025,723734566.2950026,89,49.43820224719101,-22.455613896734725
MomQuality_10_5,042700,한미반도체,615.5049061900039,715504906.1900039,148,42.567567567567565,-57.11167302168165
Voting_4,086520,에코프로,566.820049622004,666820049.622004,164,40.853658536585364,-60.60359251491031
MultiFactor_443_50,028300,HLB,562.870903371004,662870903.3710041,109,25.688073394495415,-77.2143335170024
Adaptive_30,042700,한미반도체,554.458817435002,654458817.4350019,91,43.956043956043956,-23.480747518300635
Adaptive_40,247540,에코프로비엠,437.3207299520022,537320729.9520022,70,30.0,-62.1635133167587
MomQuality_20_10,196170,알테오젠,427.74543631400326,527745436.3140032,87,42.5287356321839,-83.20907923822766
Voting_3,247540,에코프로비엠,421.6024091960061,521602409.19600606,137,39.416058394160586,-84.55116316458158
VolBreak_0.5_3,042700,한미반도체,404.10979475000454,504109794.75000453,208,48.07692307692308,-29.738979632425156
Adaptive_40,086520,에코프로,397.9390181570012,497939018.1570012,81,39.50617283950617,-39.756723023582055
MomQuality_20_10,000660,SK하이닉스,375.6808890000012,475680889.0000012,74,37.83783783783784,-32.975273970477716
MomQuality_20_10,247540,에코프로비엠,374.7386822370037,474738682.2370037,85,34.11764705882353,-85.0117156879558
VolBreak_0.5_3,086520,에코프로,342.8702734120031,442870273.4120031,231,48.917748917748916,-38.01547346047321
MomQuality_10_5,247540,에코프로비엠,341.2381481090043,441238148.1090043,139,38.84892086330935,-66.5532216872293
MultiFactor_334_40,000660,SK하이닉스,339.4289879000012,439428987.90000117,96,20.833333333333336,-49.53083173173803
Breakout_10_3,247540,에코프로비엠,335.3208731040016,435320873.1040016,84,52.38095238095239,-18.471068844475187
MomQuality_10_5,000660,SK하이닉스,323.84643790000155,423846437.9000015,122,31.147540983606557,-44.70557687935408
Breakout_10_3,086520,에코프로,315.03515056000145,415035150.56000143,95,41.05263157894737,-21.761777924835677
VolBreak_0.4_3,042700,한미반도체,308.49376488500445,408493764.88500446,234,46.15384615384615,-31.458064001023402
MultiFactor_334_40,028300,HLB,307.59101647500245,407591016.4750024,102,18.627450980392158,-81.70175284602372
Breakout_20_5,247540,에코프로비엠,296.06497045600116,396064970.45600116,62,58.06451612903226,-15.94026988291263
MultiFactor_532_60,086520,에코프로,295.6477422910021,395647742.2910021,128,39.0625,-56.810295210900264
Voting_5,042700,한미반도체,282.1420418500023,382142041.8500023,101,51.48514851485149,-20.091623679886577
MomQuality_10_5,035720,카카오,277.2470271260036,377247027.1260036,104,35.57692307692308,-39.11401431521129
Adaptive_30,086520,에코프로,269.03009245200093,369030092.4520009,73,39.726027397260275,-34.27221749085974
Adaptive_30,247540,에코프로비엠,258.7276352090013,358727635.2090013,71,29.577464788732392,-62.90198910794499
Voting_4,247540,에코프로비엠,238.32802966600474,338328029.6660047,127,38.582677165354326,-75.35958513721633
MultiFactor_443_50,000660,SK하이닉스,235.56338760000122,335563387.6000012,108,27.77777777777778,-46.96501894723701
VolBreak_0.4_3,086520,에코프로,211.68767348700283,311687673.48700285,264,45.83333333333333,-39.51344463672359
Voting_3,035720,카카오,210.9460821900047,310946082.1900047,124,39.516129032258064,-38.43750169260912
Breakout_50_10,247540,에코프로비엠,203.61535398400054,303615353.9840005,36,63.888888888888886,-7.488746314459156
MultiFactor_443_50,035720,카카오,165.05771669300293,265057716.69300294,90,24.444444444444443,-50.25153531513791
Voting_5,086520,에코프로,159.90994766700155,259909947.66700155,96,43.75,-36.04192661042119
MultiFactor_532_60,247540,에코프로비엠,159.87556479300275,259875564.79300275,112,32.142857142857146,-80.51811395434757
Adaptive_40,006400,삼성SDI,153.1843249330015,253184324.9330015,75,33.33333333333333,-40.69160392073024
Voting_4,035720,카카오,134.37221711100247,234372217.11100248,116,35.3448275862069,-37.153367357011525
MultiFactor_334_40,035720,카카오,128.6273003060025,228627300.3060025,88,22.727272727272727,-54.805985849377
MultiFactor_334_40,005380,현대차,126.8799127000013,226879912.7000013,94,17.02127659574468,-42.56990179178035
VolBreak_0.6_5,042700,한미반도체,126.29259491000309,226292594.9100031,171,47.953216374269005,-40.11485058770318
Voting_3,000660,SK하이닉스,122.26941640000139,222269416.4000014,119,33.61344537815126,-49.98263108609796
Breakout_20_5,086520,에코프로,118.6351528440009,218635152.8440009,67,44.776119402985074,-42.189697454183346
Adaptive_30,006400,삼성SDI,115.87999775500104,215879997.75500104,70,37.142857142857146,-41.803828868591786
Voting_4,000660,SK하이닉스,109.4967663000016,209496766.3000016,122,31.967213114754102,-45.352119417427375
Adaptive_40,207940,삼성바이오로직스,103.07979459000185,203079794.59000185,98,34.69387755102041,-44.05459358059859
Breakout_50_10,042700,한미반도체,101.0631966050006,201063196.60500062,36,63.888888888888886,-10.437159253269902
MultiFactor_443_50,006400,삼성SDI,99.80125788100163,199801257.88100162,84,29.761904761904763,-65.1049285463992
VolBreak_0.4_3,196170,알테오젠,97.50679725200453,197506797.25200453,258,47.286821705426355,-36.5677486189561
Voting_4,006400,삼성SDI,94.59362737100199,194593627.371002,107,38.31775700934579,-51.69045133557986
VolBreak_0.5_3,196170,알테오젠,86.57981146400371,186579811.4640037,232,47.8448275862069,-28.750442322678953
Breakout_10_3,196170,알테오젠,81.9467922080018,181946792.2080018,93,43.01075268817204,-28.746258683388902
MultiFactor_334_40,006400,삼성SDI,81.69536627800143,181695366.27800143,79,26.582278481012654,-70.38907732114173
MultiFactor_443_50,005380,현대차,78.95050710000127,178950507.10000128,95,17.894736842105264,-42.26167539973446
MomQuality_10_5,207940,삼성바이오로직스,74.63834168600214,174638341.68600214,125,39.2,-45.69603432884902
Breakout_10_3,028300,HLB,73.93496289600107,173934962.89600107,68,47.05882352941176,-38.809770353355304
Adaptive_40,051910,LG화학,72.09761700000128,172097617.00000128,73,32.87671232876712,-46.751066705199015
MultiFactor_532_60,006400,삼성SDI,69.20977358500106,169209773.58500105,74,32.432432432432435,-49.220989532137835
VolBreak_0.6_5,196170,알테오젠,69.04988522100346,169049885.22100347,208,50.480769230769226,-40.12643440731046
Voting_5,247540,에코프로비엠,68.77682103100125,168776821.03100124,78,44.871794871794876,-39.73461429001862
Voting_3,207940,삼성바이오로직스,67.77610740100249,167776107.4010025,134,27.611940298507463,-44.67365774056374
MultiFactor_443_50,005930,삼성전자,67.52801564000097,167528015.64000097,89,21.34831460674157,-48.8317702885005
Voting_5,196170,알테오젠,66.79699439700153,166796994.39700153,123,43.90243902439025,-44.97618338004417
Breakout_20_5,042700,한미반도체,65.94462349000075,165944623.49000075,60,50.0,-23.58864211071701
Voting_3,006400,삼성SDI,63.732230083002094,163732230.0830021,132,33.33333333333333,-69.63332173423328
Adaptive_30,207940,삼성바이오로직스,63.56957038000116,163569570.38000116,92,32.608695652173914,-39.46916023224596
Voting_4,207940,삼성바이오로직스,62.75324282900209,162753242.82900208,131,34.35114503816794,-47.10140006129394
Breakout_10_3,042700,한미반도체,60.398060365000994,160398060.365001,82,46.34146341463415,-20.987360034978284
Breakout_10_3,035720,카카오,59.69595706000146,159695957.06000146,95,42.10526315789473,-15.531194406999902
Breakout_50_10,035720,카카오,59.52385953900069,159523859.5390007,43,51.162790697674424,-9.569423186974493
MultiFactor_532_60,035720,카카오,59.16229732300189,159162297.3230019,98,32.6530612244898,-44.887391400080006
MultiFactor_334_40,005930,삼성전자,58.90036527000109,158900365.27000108,106,18.867924528301888,-64.42455181264036
Adaptive_40,035720,카카오,58.09312246500223,158093122.46500224,95,30.526315789473685,-46.57248389609823
Voting_3,005930,삼성전자,55.14261634000126,155142616.34000126,109,29.357798165137616,-42.362453216319835
Adaptive_40,000660,SK하이닉스,54.468373500001135,154468373.50000113,98,28.57142857142857,-31.71731481987687
Breakout_10_3,000660,SK하이닉스,54.46783650000134,154467836.50000134,102,44.11764705882353,-20.238022873819844
VolBreak_0.5_3,000660,SK하이닉스,51.307147300002754,151307147.30000275,226,46.017699115044245,-24.746581748992746
Voting_5,000660,SK하이닉스,50.408111600001924,150408111.60000193,139,48.201438848920866,-22.986205290784458
VolBreak_0.4_3,000660,SK하이닉스,50.23065930000323,150230659.30000323,256,44.921875,-25.117116143512703
Breakout_20_5,035720,카카오,49.75739657400104,149757396.57400104,72,45.83333333333333,-12.970510977999924
VolBreak_0.6_5,086520,에코프로,49.69699641200173,149696996.41200173,209,48.803827751196174,-52.70921466064189
Voting_5,005930,삼성전자,49.47856817000139,149478568.1700014,117,47.863247863247864,-15.536648947733797
Breakout_20_5,005930,삼성전자,49.32892015000087,149328920.15000087,73,56.16438356164384,-6.089621787500602
MultiFactor_532_60,207940,삼성바이오로직스,49.05978285200149,149059782.8520015,110,31.818181818181817,-41.14153686998676
MultiFactor_532_60,000660,SK하이닉스,47.41852200000119,147418522.0000012,106,29.245283018867923,-48.27960160171986
MomQuality_20_10,035720,카카오,46.07501489800137,146075014.89800137,78,29.48717948717949,-61.629389369472264
Voting_5,373220,LG에너지솔루션,45.742398000000776,145742398.00000077,54,48.148148148148145,-21.27994198049357
MeanRev_20_2,042700,한미반도체,41.87272341000045,141872723.41000044,26,76.92307692307693,-17.137581565879707
Adaptive_40,005930,삼성전자,40.354566500000836,140354566.50000083,82,31.70731707317073,-25.258238849999277
MeanRev_20_2.5,042700,한미반도체,38.858442410000144,138858442.41000015,7,100.0,-0.09570822829365346
Adaptive_30,000660,SK하이닉스,38.19595000000089,138195950.0000009,88,28.40909090909091,-39.75164975425988
Adaptive_30,035720,카카오,36.94752762400124,136947527.62400123,72,36.11111111111111,-46.01085583791725
Voting_4,005930,삼성전자,36.594002460001114,136594002.4600011,111,36.93693693693694,-27.572902144153954
MomQuality_20_10,005380,현대차,35.76672240000105,135766722.40000105,76,32.89473684210527,-44.69950119427769
Breakout_20_5,196170,알테오젠,35.53870023400092,135538700.23400092,72,38.88888888888889,-34.28184205977032
Breakout_50_10,006400,삼성SDI,32.86751197100039,132867511.97100039,38,34.21052631578947,-12.15463651099989
Breakout_20_5,005380,현대차,32.569111800000755,132569111.80000076,52,46.15384615384615,-8.32102730811128
Breakout_20_5,006400,삼성SDI,29.92000907200085,129920009.07200085,70,37.142857142857146,-24.62937432808236
Breakout_20_5,000660,SK하이닉스,29.815653000000985,129815653.00000098,77,41.55844155844156,-24.211906893502906
VolBreak_0.6_5,247540,에코프로비엠,29.56976995600213,129569769.95600213,192,51.5625,-29.986591490192954
Breakout_50_10,196170,알테오젠,29.370225236000643,129370225.23600064,48,47.91666666666667,-27.85528170728596
Adaptive_30,005930,삼성전자,23.967484800000875,123967484.80000088,82,31.70731707317073,-24.81004842073792
Voting_5,207940,삼성바이오로직스,22.40841218100138,122408412.18100138,122,42.62295081967213,-30.666532821121507
Voting_3,051910,LG화학,21.10013670000185,121100136.70000185,118,33.89830508474576,-66.48712086347058
MomQuality_10_5,005930,삼성전자,19.265553860001205,119265553.8600012,113,30.08849557522124,-49.527812846514344
Breakout_20_5,068270,셀트리온제약,18.567253642000644,118567253.64200065,54,50.0,-17.325706568268124
VolBreak_0.6_5,005930,삼성전자,17.893017160001783,117893017.16000178,165,56.36363636363636,-20.35560304788095
Breakout_10_3,005930,삼성전자,17.73105100000115,117731051.00000115,106,48.113207547169814,-12.582527364732746
Breakout_50_10,005930,삼성전자,17.270518500000478,117270518.50000048,48,54.166666666666664,-7.199681899999902
MomQuality_10_5,005380,현대차,16.936961700001778,116936961.70000178,133,33.08270676691729,-42.69693146255815
Voting_5,035720,카카오,16.239426610001324,116239426.61000133,112,46.42857142857143,-23.431949012306717
Adaptive_40,373220,LG에너지솔루션,15.36240000000076,115362400.00000076,42,28.57142857142857,-34.18823549302243
Breakout_50_10,086520,에코프로,13.137080785000501,113137080.7850005,45,35.55555555555556,-34.822980937338095
Voting_3,028300,HLB,13.116251208001941,113116251.20800194,166,34.93975903614458,-83.49344034069753
Voting_5,293490,카카오게임즈,11.323497350000784,111323497.35000078,59,49.152542372881356,-25.992366626491897
MomQuality_20_10,207940,삼성바이오로직스,10.191624578001038,110191624.57800104,100,32.0,-48.81211044787381
MeanRev_20_2.5,196170,알테오젠,8.565200160000042,108565200.16000004,4,50.0,-10.752657634999975
MeanRev_20_2.5,086520,에코프로,8.356563253000097,108356563.2530001,8,62.5,-9.303726806999967
Breakout_50_10,005380,현대차,7.568640500000477,107568640.50000048,33,39.39393939393939,-8.70907862200781
MeanRev_20_2,086520,에코프로,7.319821967000246,107319821.96700025,23,52.17391304347826,-9.064127560576344
Voting_5,028300,HLB,7.281188483000889,107281188.48300089,95,45.26315789473684,-62.70501740109461
Breakout_10_3,068270,셀트리온제약,7.2783188750007,107278318.8750007,76,47.368421052631575,-30.559950697256756
Adaptive_30,051910,LG화학,7.047286000000804,107047286.0000008,61,32.78688524590164,-55.938194809493005
MeanRev_20_2,000660,SK하이닉스,5.67601740000011,105676017.40000011,7,42.857142857142854,-4.70406677753835
MeanRev_20_2,005380,현대차,5.100239500000193,105100239.5000002,13,61.53846153846154,-4.592310699821143
MeanRev_20_2,207940,삼성바이오로직스,4.907168948000282,104907168.94800028,25,64.0,-8.601185259247906
MultiFactor_334_40,207940,삼성바이오로직스,4.854641042001292,104854641.04200129,102,19.607843137254903,-49.80408587714255
VolBreak_0.4_3,207940,삼성바이오로직스,4.440487645003051,104440487.64500305,256,42.96875,-45.592998863948516
MomQuality_20_10,005930,삼성전자,4.386829460000858,104386829.46000086,82,23.170731707317074,-51.226459818372895
VolBreak_0.4_3,247540,에코프로비엠,3.6737762870026676,103673776.28700267,243,51.85185185185185,-47.551245236412626
Breakout_20_5,051910,LG화학,2.1629770000008044,102162977.0000008,54,42.592592592592595,-21.360511072860145
MeanRev_20_2.5,247540,에코프로비엠,2.054465704000056,102054465.70400006,5,40.0,-2.8701429839999824
Breakout_10_3,005380,현대차,1.824118000001088,101824118.00000109,78,37.17948717948718,-20.70677950044189
MomQuality_10_5,051910,LG화학,1.6378928000016213,101637892.80000162,118,33.89830508474576,-48.01150927788059
VolBreak_0.5_3,207940,삼성바이오로직스,1.623871987002969,101623871.98700297,234,44.01709401709402,-41.26417190538723
MeanRev_20_2.5,207940,삼성바이오로직스,1.3847111960000993,101384711.1960001,8,75.0,-3.024659277087533
Breakout_50_10,000660,SK하이닉스,1.3121795000006407,101312179.50000064,49,36.734693877551024,-19.311389399999708
MeanRev_20_2.5,005380,현대차,0.9832900000000894,100983290.00000009,7,57.14285714285714,-3.17491986911897
VolBreak_0.6_5,207940,삼성바이오로직스,0.6851860330022126,100685186.03300221,192,44.79166666666667,-38.78821630244082
VolBreak_0.5_3,247540,에코프로비엠,0.674335397002399,100674335.3970024,222,52.25225225225225,-40.855122994502736
MeanRev_20_2.5,068270,셀트리온제약,0.5669474960001112,100566947.49600011,8,37.5,-6.246355650179047
MeanRev_20_2,251270,넷마블,0.0720897000001967,100072089.7000002,17,41.17647058823529,-7.58590899999997
MultiFactor_532_60,005930,삼성전자,0.062165470000758775,100062165.47000076,79,26.582278481012654,-45.512664423333646
MeanRev_20_2.5,000660,SK하이닉스,0.0,100000000.0,0,0.0,0.0
MeanRev_20_2.5,005930,삼성전자,0.0,100000000.0,0,0.0,0.0
MeanRev_20_2.5,373220,LG에너지솔루션,-0.0938339999999702,99906166.00000003,2,50.0,-2.579127999999985
MeanRev_20_2.5,293490,카카오게임즈,-0.5290792799999415,99470920.72000006,4,50.0,-1.2887982972719938
MeanRev_20_2,293490,카카오게임즈,-0.8130269899998308,99186973.01000017,17,41.17647058823529,-6.963806849999904
VolBreak_0.5_3,005930,삼성전자,-1.1770342999977916,98822965.70000221,197,50.76142131979695,-18.85403219554875
MeanRev_20_2.5,006400,삼성SDI,-1.3943265899999886,98605673.41000001,2,50.0,-2.7582609016665427
MeanRev_20_2.5,051910,LG화학,-1.4866014999999702,98513398.50000003,2,50.0,-2.1011205979172107
Breakout_50_10,028300,HLB,-1.4927469739996047,98507253.0260004,33,45.45454545454545,-24.365700717698687
MeanRev_20_2.5,251270,넷마블,-2.1468494999999703,97853150.50000003,2,0.0,-2.1468494999999703
MeanRev_20_2.5,263750,펄어비스,-2.8351197199999243,97164880.28000008,6,33.33333333333333,-8.998087419067827
MultiFactor_443_50,207940,삼성바이오로직스,-2.899577773998886,97100422.22600111,110,24.545454545454547,-47.51558719341686
Breakout_10_3,006400,삼성SDI,-3.291581869998917,96708418.13000108,100,36.0,-26.79595118831266
Voting_4,051910,LG화학,-3.6280454999981373,96371954.50000186,119,30.252100840336134,-61.23615424242889
MultiFactor_532_60,051910,LG화학,-3.795988099998817,96204011.90000118,83,31.32530120481928,-58.16117279905527
MeanRev_20_2,373220,LG에너지솔루션,-4.213192999999851,95786807.00000015,10,50.0,-7.282730499999896
Adaptive_30,373220,LG에너지솔루션,-5.2554669999995385,94744533.00000046,31,22.58064516129032,-30.292561908690764
MeanRev_20_2.5,035720,카카오,-5.714756503999949,94285243.49600005,4,25.0,-5.714756503999949
Breakout_50_10,207940,삼성바이오로직스,-5.839481160999462,94160518.83900054,48,35.41666666666667,-20.693169530958023
MeanRev_20_2,051910,LG화학,-6.039062499999806,93960937.5000002,13,53.84615384615385,-10.20934491105814
Breakout_50_10,068270,셀트리온제약,-6.412889042999789,93587110.95700021,26,57.692307692307686,-14.592025692999943
Breakout_50_10,051910,LG화학,-6.460450999999508,93539549.00000049,33,45.45454545454545,-17.45502337399662
MeanRev_20_2,005930,삼성전자,-6.755769499999969,93244230.50000003,3,0.0,-6.755769499999969
Breakout_10_3,051910,LG화학,-6.9281134999987035,93071886.5000013,87,40.229885057471265,-27.374024547295505
MeanRev_20_2,006400,삼성SDI,-7.584347173999846,92415652.82600015,16,43.75,-15.425544470663697
MeanRev_20_2,035720,카카오,-9.004872952999815,90995127.04700018,18,44.44444444444444,-12.199524632329663
Breakout_50_10,373220,LG에너지솔루션,-9.106287499999686,90893712.50000031,21,47.61904761904761,-13.603141188857759
MeanRev_20_2,068270,셀트리온제약,-10.170753429999754,89829246.57000025,24,45.83333333333333,-13.93438483559774
VolBreak_0.6_5,035720,카카오,-10.338571628997922,89661428.37100208,184,42.391304347826086,-42.82201519556684
MeanRev_20_2,196170,알테오젠,-10.985659073999807,89014340.9260002,20,45.0,-22.67075156599988
Breakout_50_10,251270,넷마블,-11.29684319999975,88703156.80000025,18,38.88888888888889,-23.63106989014298
MomQuality_20_10,051910,LG화학,-11.675687499999002,88324312.500001,71,33.80281690140845,-68.68899538311697
MeanRev_20_2,247540,에코프로비엠,-11.802065692999749,88197934.30700025,21,52.38095238095239,-14.466738478584308
VolBreak_0.6_5,000660,SK하이닉스,-12.716281399997845,87283718.60000215,174,44.252873563218394,-32.47660774574774
MomQuality_20_10,006400,삼성SDI,-13.83912452099912,86160875.47900088,76,23.684210526315788,-74.38071457108356
MeanRev_20_2.5,028300,HLB,-14.106997611999958,85893002.38800004,6,50.0,-32.183167812707374
MeanRev_20_2,263750,펄어비스,-14.55339522999978,85446604.77000022,22,40.909090909090914,-22.65788354220059
Breakout_20_5,028300,HLB,-14.631156499999404,85368843.5000006,57,43.859649122807014,-44.74417909623828
Voting_5,051910,LG화학,-14.758236499998734,85241763.50000127,85,38.82352941176471,-36.76360950001196
Adaptive_30,263750,펄어비스,-14.842258219999477,85157741.78000052,62,35.483870967741936,-34.49804953545921
VolBreak_0.4_3,005930,삼성전자,-15.323841739997773,84676158.26000223,223,47.98206278026906,-27.646567228546726
MultiFactor_443_50,051910,LG화학,-15.617124199998585,84382875.80000141,92,21.73913043478261,-71.50992817738012
Breakout_10_3,251270,넷마블,-15.711467899999143,84288532.10000086,67,38.80597014925373,-34.0564557983176
Voting_5,263750,펄어비스,-17.384420029999017,82615579.97000098,101,40.5940594059406,-24.42247633999996
Voting_4,068270,셀트리온제약,-18.159390602998137,81840609.39700186,130,36.92307692307693,-59.55966962990791
Voting_4,373220,LG에너지솔루션,-18.36010799999939,81639892.00000061,54,22.22222222222222,-52.299106637531665
Breakout_10_3,207940,삼성바이오로직스,-18.913556562999084,81086443.43700092,94,34.04255319148936,-30.67628968009849
Breakout_50_10,293490,카카오게임즈,-19.70587399999982,80294126.00000018,14,35.714285714285715,-24.495646407405886
VolBreak_0.4_3,051910,LG화학,-19.763004099996863,80236995.90000314,211,45.497630331753555,-39.65239505032446
Breakout_20_5,207940,삼성바이오로직스,-20.221912558999165,79778087.44100083,72,31.944444444444443,-29.261034785976687
VolBreak_0.6_5,006400,삼성SDI,-21.469888717998312,78530111.28200169,172,41.27906976744186,-38.449963516510245
MultiFactor_532_60,028300,HLB,-21.518446483999,78481553.516001,132,34.090909090909086,-86.55418806916111
Breakout_20_5,293490,카카오게임즈,-21.58607195999974,78413928.04000026,26,34.61538461538461,-32.89093560770351
Breakout_20_5,251270,넷마블,-21.985357949999436,78014642.05000056,43,41.86046511627907,-35.02654463216315
VolBreak_0.5_3,028300,HLB,-22.544825956997514,77455174.04300249,222,46.846846846846844,-61.867249441821215
MultiFactor_532_60,373220,LG에너지솔루션,-22.84152599999942,77158474.00000058,47,21.27659574468085,-47.1210980684984
VolBreak_0.4_3,068270,셀트리온제약,-23.50744152699739,76492558.47300261,257,41.63424124513619,-41.87534177226118
VolBreak_0.6_5,005380,현대차,-23.652512899997532,76347487.10000247,178,43.258426966292134,-33.86989778742975
MomQuality_10_5,006400,삼성SDI,-24.067117496998698,75932882.5030013,123,28.455284552845526,-70.79501827533483
Adaptive_30,005380,현대차,-24.504112699999094,75495887.3000009,88,30.681818181818183,-43.539325580159286
Breakout_10_3,293490,카카오게임즈,-25.210027469999524,74789972.53000048,46,32.608695652173914,-38.05674780731543
MomQuality_20_10,373220,LG에너지솔루션,-27.168986499999466,72831013.50000054,48,29.166666666666668,-56.8302090388969
Adaptive_40,005380,현대차,-29.131043899998755,70868956.10000125,94,28.723404255319153,-47.46469299077492
VolBreak_0.5_3,005380,현대차,-29.59050129999724,70409498.70000276,207,42.99516908212561,-45.396449441750725
Voting_5,006400,삼성SDI,-30.693319591999053,69306680.40800095,100,40.0,-42.161153249147944
VolBreak_0.6_5,263750,펄어비스,-32.700567529998246,67299432.47000176,186,47.8494623655914,-44.45461464545264
Adaptive_40,028300,HLB,-33.188189347999554,66811810.65200045,82,31.70731707317073,-79.39751638630455
Breakout_20_5,373220,LG에너지솔루션,-33.59453699999943,66405463.00000057,41,34.146341463414636,-40.56693156272309
VolBreak_0.4_3,005380,현대차,-33.61143979999696,66388560.20000304,235,42.5531914893617,-48.43201924653819
Breakout_50_10,263750,펄어비스,-34.27666589999973,65723334.10000027,27,18.51851851851852,-35.990877857336216
VolBreak_0.6_5,293490,카카오게임즈,-34.45591689999863,65544083.10000137,137,44.52554744525548,-53.4323955179412
MeanRev_20_2,028300,HLB,-35.539412890999714,64460587.10900029,24,54.166666666666664,-55.043646359041354
VolBreak_0.5_3,051910,LG화학,-35.83772919999762,64162270.80000238,195,46.666666666666664,-46.59621019926331
MultiFactor_334_40,051910,LG화학,-35.96300489999873,64036995.10000127,100,20.0,-74.96313932082984
Voting_4,005380,현대차,-36.18944359999882,63810556.40000118,120,31.666666666666664,-57.736717159352544
VolBreak_0.5_3,035720,카카오,-36.33979248499773,63660207.51500227,221,39.81900452488688,-49.336025071646375
MomQuality_10_5,373220,LG에너지솔루션,-37.006627499999354,62993372.50000065,65,32.30769230769231,-62.42558808853157
Adaptive_30,028300,HLB,-37.76691006199963,62233089.938000366,72,27.77777777777778,-78.1406169118
MultiFactor_443_50,293490,카카오게임즈,-38.07096528999928,61929034.71000072,71,18.30985915492958,-73.90566447605539
VolBreak_0.6_5,373220,LG에너지솔루션,-38.39517199999874,61604828.00000126,98,44.89795918367347,-48.34077995848468
VolBreak_0.6_5,068270,셀트리온제약,-39.46423540299852,60535764.59700148,177,40.11299435028249,-47.99165239011966
VolBreak_0.5_3,373220,LG에너지솔루션,-39.721532499998546,60278467.50000145,110,48.18181818181818,-52.632244386646065
MultiFactor_532_60,005380,현대차,-40.142881299999004,59857118.700000994,92,30.434782608695656,-49.82812123528503
Voting_3,068270,셀트리온제약,-40.577249864998635,59422750.13500137,150,34.0,-65.67943596379452
MultiFactor_443_50,263750,펄어비스,-40.80274761999928,59197252.38000072,105,24.761904761904763,-63.7997012798274
Voting_5,005380,현대차,-42.16245729999885,57837542.70000115,123,39.02439024390244,-50.49230021081736
VolBreak_0.4_3,035720,카카오,-42.287579903997525,57712420.096002474,253,39.130434782608695,-53.18886354970269
Breakout_20_5,263750,펄어비스,-42.78304355999951,57216956.44000049,48,35.41666666666667,-43.569490309999544
Adaptive_30,068270,셀트리온제약,-43.22553398299915,56774466.01700085,97,22.68041237113402,-62.315968079141285
Voting_3,293490,카카오게임즈,-43.22645743999911,56773542.56000089,100,28.999999999999996,-79.87920811511565
VolBreak_0.4_3,373220,LG에너지솔루션,-43.50932849999839,56490671.50000161,123,44.71544715447154,-58.779824874346275
VolBreak_0.5_3,068270,셀트리온제약,-43.74735302999798,56252646.97000202,230,40.869565217391305,-56.2723517036168
MomQuality_20_10,068270,셀트리온제약,-43.99878558799922,56001214.412000775,102,33.33333333333333,-54.90648369118826
Voting_4,293490,카카오게임즈,-44.46449189999919,55535508.100000806,93,26.881720430107524,-76.45720155131134
Voting_3,373220,LG에너지솔루션,-44.48250399999934,55517496.00000066,56,21.428571428571427,-71.42944184253692
MomQuality_20_10,263750,펄어비스,-46.26232605999919,53737673.94000081,89,28.08988764044944,-70.13440026995298
VolBreak_0.6_5,028300,HLB,-46.53197387499858,53468026.12500142,186,46.236559139784944,-62.21381288479474
Adaptive_30,293490,카카오게임즈,-47.090138989999616,52909861.010000385,49,18.367346938775512,-66.45352031218079
Voting_3,005380,현대차,-47.469924499998825,52530075.50000117,127,24.409448818897637,-62.62871837635623
VolBreak_0.5_3,293490,카카오게임즈,-48.0625386199989,51937461.380001105,145,43.44827586206896,-58.54181459125151
MultiFactor_443_50,373220,LG에너지솔루션,-48.132128499999446,51867871.50000056,48,18.75,-62.249352554081305
VolBreak_0.4_3,028300,HLB,-48.28316652699788,51716833.47300212,258,45.348837209302324,-69.17993372197348
Breakout_10_3,373220,LG에너지솔루션,-48.31562149999934,51684378.50000066,53,30.18867924528302,-54.251035974232856
Voting_5,068270,셀트리온제약,-49.11353887299922,50886461.12700078,104,36.53846153846153,-54.102133502939765
MomQuality_20_10,028300,HLB,-49.34145095499923,50658549.04500077,104,29.807692307692307,-84.42269158997921
Voting_4,028300,HLB,-49.98928988899896,50010710.11100104,141,35.46099290780142,-86.95548752394976
MomQuality_10_5,251270,넷마블,-50.885706749998874,49114293.25000113,118,38.13559322033898,-60.769519606755296
MomQuality_10_5,263750,펄어비스,-51.05559394999878,48944406.05000123,132,35.60606060606061,-71.02263741544785
VolBreak_0.5_3,263750,펄어비스,-52.27289038999828,47727109.61000172,232,46.12068965517241,-59.776556553268435
Adaptive_40,263750,펄어비스,-52.292179399999306,47707820.600000694,75,33.33333333333333,-48.87279617503485
Adaptive_40,293490,카카오게임즈,-52.824285209999466,47175714.790000536,60,20.0,-71.63877721883313
VolBreak_0.6_5,051910,LG화학,-52.88995169999823,47110048.30000178,150,40.666666666666664,-57.9763012834297
MultiFactor_334_40,373220,LG에너지솔루션,-54.56597149999938,45434028.50000062,52,15.384615384615385,-69.87856746534686
MultiFactor_334_40,293490,카카오게임즈,-55.25013076999931,44749869.2300007,73,13.698630136986301,-78.01944699196912
VolBreak_0.5_3,006400,삼성SDI,-56.08551601099813,43914483.98900188,205,39.02439024390244,-61.11266678417303
MultiFactor_532_60,068270,셀트리온제약,-56.893366317999025,43106633.68200097,116,27.586206896551722,-69.11712801909485
MultiFactor_443_50,068270,셀트리온제약,-57.26070509699921,42739294.903000794,121,23.140495867768596,-72.79343859933762
VolBreak_0.4_3,293490,카카오게임즈,-57.734051889998774,42265948.11000123,163,41.104294478527606,-67.66411342484378
MomQuality_10_5,028300,HLB,-57.99701566399907,42002984.33600093,159,34.59119496855346,-81.44249575344699
MultiFactor_334_40,263750,펄어비스,-59.225118999999474,40774881.00000053,107,20.5607476635514,-74.98840354999948
MomQuality_10_5,293490,카카오게임즈,-59.30471600999926,40695283.99000074,107,26.168224299065418,-83.562811166637
VolBreak_0.4_3,006400,삼성SDI,-61.05237871799807,38947621.28200193,233,40.772532188841204,-64.1302179440817
MultiFactor_532_60,293490,카카오게임즈,-61.45060177999944,38549398.220000565,79,26.582278481012654,-78.78227230007856
Breakout_10_3,263750,펄어비스,-61.90991645999932,38090083.54000067,81,30.864197530864196,-61.90991645999932
VolBreak_0.4_3,251270,넷마블,-63.06147404999795,36938525.95000206,215,40.46511627906977,-67.48769786029312
VolBreak_0.6_5,251270,넷마블,-63.08124639999828,36918753.600001715,183,39.89071038251366,-63.52196534973973
Voting_4,251270,넷마블,-63.09045269999919,36909547.30000081,127,36.22047244094488,-66.85496954999925
MultiFactor_334_40,068270,셀트리온제약,-64.30139122099902,35698608.77900097,118,15.254237288135593,-76.42439810743171
Adaptive_40,068270,셀트리온제약,-64.36111537099914,35638884.62900086,104,24.03846153846154,-68.35003959433607
Voting_5,251270,넷마블,-65.01383234999912,34986167.65000088,100,38.0,-67.28234965600545
MomQuality_10_5,068270,셀트리온제약,-65.82508020699895,34174919.79300104,155,34.83870967741935,-69.51407542389582
Voting_4,263750,펄어비스,-65.88568083999915,34114319.160000846,130,38.46153846153847,-68.05491238999916
VolBreak_0.5_3,251270,넷마블,-66.4929712999982,33507028.700001795,193,39.89637305699482,-70.79625018009583
VolBreak_0.4_3,263750,펄어비스,-66.85333172999847,33146668.270001523,263,42.96577946768061,-71.4451602502742
Adaptive_30,251270,넷마블,-66.87854604999946,33121453.950000547,73,27.397260273972602,-71.93386612579809
MomQuality_20_10,251270,넷마블,-66.95245129999945,33047548.700000558,90,35.55555555555556,-72.35382514999948
Adaptive_40,251270,넷마블,-69.65173679999936,30348263.200000644,85,27.058823529411764,-68.51334394675554
MultiFactor_532_60,263750,펄어비스,-72.25481630999943,27745183.690000582,106,33.0188679245283,-76.17690725999942
Voting_3,263750,펄어비스,-72.40881816999911,27591181.83000089,137,35.76642335766424,-81.0870482542175
MomQuality_20_10,293490,카카오게임즈,-77.40759031999949,22592409.680000514,86,22.093023255813954,-88.12043443757543
MultiFactor_334_40,251270,넷마블,-78.1007148999993,21899285.100000694,108,15.74074074074074,-80.08230405598418
MultiFactor_532_60,251270,넷마블,-78.21720244999935,21782797.55000065,110,29.09090909090909,-79.22166094999936
MultiFactor_443_50,251270,넷마블,-80.26289704999932,19737102.95000068,123,17.88617886178862,-83.53312399999935
Voting_3,251270,넷마블,-85.63045234999917,14369547.650000831,160,30.625000000000004,-90.0726820499992
