category,ticker,name,strategy,total_return_pct
앙상블,86520,에코프로,MultiFactor_334_40,4305.26011943301
앙상블,42700,한미반도체,MomQuality_20_10,3805.360683225012
앙상블,42700,한미반도체,MultiFactor_334_40,3301.7991415800047
앙상블,86520,에코프로,MomQuality_10_5,3164.204623105016
앙상블,42700,한미반도체,Voting_3,3074.3191501850138
앙상블,42700,한미반도체,MultiFactor_443_50,3031.611971405005
앙상블,86520,에코프로,MultiFactor_443_50,2928.76407067301
앙상블,196170,알테오젠,MultiFactor_334_40,2352.9838191650088
앙상블,196170,알테오젠,Voting_3,1964.7208409320165
앙상블,196170,알테오젠,Voting_4,1469.360920054014
투자자별,010120,010120,SmartDiv_20_10,1415.324961450006
앙상블,42700,한미반도체,Voting_4,1380.234355815007
앙상블,42700,한미반도체,MultiFactor_532_60,1201.0985490500054
앙상블,196170,알테오젠,MultiFactor_443_50,1045.5111342020066
앙상블,196170,알테오젠,MultiFactor_532_60,913.315143895006
앙상블,86520,에코프로,MomQuality_20_10,888.7918387710054
앙상블,196170,알테오젠,Adaptive_40,881.6624998600055
앙상블,196170,알테오젠,Adaptive_30,843.0179829730046
앙상블,196170,알테오젠,MomQuality_10_5,814.0956720080068
앙상블,247540,에코프로비엠,MultiFactor_334_40,784.8635326200064
앙상블,247540,에코프로비엠,MultiFactor_443_50,741.713027410006
앙상블,86520,에코프로,Voting_3,703.5628189290051
포트폴리오,PORTFOLIO,MomRotation_L20_Top2_R20,MomRotation_L20_Top2_R20,640.6649068150017
앙상블,42700,한미반도체,Adaptive_40,623.7345662950025
앙상블,42700,한미반도체,MomQuality_10_5,615.5049061900039
앙상블,86520,에코프로,Voting_4,566.820049622004
앙상블,28300,HLB,MultiFactor_443_50,562.870903371004
앙상블,42700,한미반도체,Adaptive_30,554.458817435002
투자자별,000990,000990,SmartDiv_20_10,510.1595172500026
포트폴리오,PORTFOLIO,MomRotation_L20_Top2_R10,MomRotation_L20_Top2_R10,465.9489973920048
포트폴리오,PORTFOLIO,MomRotation_L20_Top3_R10,MomRotation_L20_Top3_R10,462.65540997000335
투자자별,000990,000990,SmartDiv_50_20,462.4505835500015
포트폴리오,PORTFOLIO,MomRotation_L20_Top3_R20,MomRotation_L20_Top3_R20,458.8524877120013
포트폴리오,PORTFOLIO,CombinedRotation_Top2_R20,CombinedRotation_Top2_R20,451.6027803920012
투자자별,003580,003580,VolSpike_20_2x,444.3785562800024
포트폴리오,PORTFOLIO,CombinedRotation_Top3_R20,CombinedRotation_Top3_R20,440.91049261200095
앙상블,247540,에코프로비엠,Adaptive_40,437.3207299520022
투자자별,010120,010120,SmartDiv_50_20,434.67684785000176
포트폴리오,PORTFOLIO,MomRotation_L20_Top5_R10,MomRotation_L20_Top5_R10,430.6714454790023
앙상블,196170,알테오젠,MomQuality_20_10,427.74543631400326
앙상블,247540,에코프로비엠,Voting_3,421.6024091960061
앙상블,42700,한미반도체,VolBreak_0.5_3,404.1097947500045
앙상블,86520,에코프로,Adaptive_40,397.9390181570012
포트폴리오,PORTFOLIO,CombinedRotation_Top2_R10,CombinedRotation_Top2_R10,389.1314501760037
포트폴리오,PORTFOLIO,MomRotation_L20_Top5_R20,MomRotation_L20_Top5_R20,384.09243186800086
앙상블,660,SK하이닉스,MomQuality_20_10,375.6808890000012
앙상블,247540,에코프로비엠,MomQuality_20_10,374.7386822370037
투자자별,001530,001530,SmartDiv_50_20,342.9887283050019
앙상블,86520,에코프로,VolBreak_0.5_3,342.8702734120031
앙상블,247540,에코프로비엠,MomQuality_10_5,341.2381481090043
앙상블,660,SK하이닉스,MultiFactor_334_40,339.4289879000012
앙상블,247540,에코프로비엠,Breakout_10_3,335.3208731040016
투자자별,000300,000300,SmartDiv_50_20,330.4515159610023
포트폴리오,PORTFOLIO,CombinedRotation_Top3_R10,CombinedRotation_Top3_R10,325.8043929670022
앙상블,660,SK하이닉스,MomQuality_10_5,323.84643790000155
앙상블,86520,에코프로,Breakout_10_3,315.03515056000145
앙상블,42700,한미반도체,VolBreak_0.4_3,308.49376488500445
앙상블,28300,HLB,MultiFactor_334_40,307.59101647500245
투자자별,015590,015590,SmartDiv_50_20,300.1625858620024
앙상블,247540,에코프로비엠,Breakout_20_5,296.0649704560012
앙상블,86520,에코프로,MultiFactor_532_60,295.6477422910021
포트폴리오,PORTFOLIO,ForeignRotation_L20_Top5_R20,ForeignRotation_L20_Top5_R20,294.5757047400008
앙상블,42700,한미반도체,Voting_5,282.1420418500023
포트폴리오,PORTFOLIO,ForeignRotation_L20_Top5_R10,ForeignRotation_L20_Top5_R10,279.0802218550013
앙상블,35720,카카오,MomQuality_10_5,277.2470271260036
투자자별,010120,010120,TrendStr_20_100_10,270.4337838500015
앙상블,86520,에코프로,Adaptive_30,269.03009245200093
앙상블,247540,에코프로비엠,Adaptive_30,258.7276352090013
투자자별,007700,007700,VolAdj_F10_V20,243.16127652000213
앙상블,247540,에코프로비엠,Voting_4,238.32802966600477
앙상블,660,SK하이닉스,MultiFactor_443_50,235.5633876000012
포트폴리오,PORTFOLIO,CombinedRotation_Top5_R20,CombinedRotation_Top5_R20,228.52886463000047
투자자별,007700,007700,TrendStr_20_100_10,226.15692597000196
앙상블,86520,에코프로,VolBreak_0.4_3,211.68767348700283
앙상블,35720,카카오,Voting_3,210.9460821900047
투자자별,007700,007700,SmartDiv_50_20,203.84997023000287
앙상블,247540,에코프로비엠,Breakout_50_10,203.6153539840005
투자자별,010120,010120,RetailContra_10_90,203.2532617500008
포트폴리오,PORTFOLIO,CombinedRotation_Top5_R10,CombinedRotation_Top5_R10,201.05162584400108
포트폴리오,PORTFOLIO,MomRotation_L20_Top5_R5,MomRotation_L20_Top5_R5,183.2461130720028
포트폴리오,PORTFOLIO,ForeignRotation_L20_Top3_R10,ForeignRotation_L20_Top3_R10,182.2709484760014
투자자별,012030,012030,VolAdj_F10_V20,176.4813942850015
포트폴리오,PORTFOLIO,ForeignRotation_L20_Top5_R5,ForeignRotation_L20_Top5_R5,172.3413841670023
포트폴리오,PORTFOLIO,ForeignRotation_L20_Top3_R20,ForeignRotation_L20_Top3_R20,171.62492739000058
앙상블,35720,카카오,MultiFactor_443_50,165.05771669300293
앙상블,86520,에코프로,Voting_5,159.90994766700155
앙상블,247540,에코프로비엠,MultiFactor_532_60,159.87556479300275
투자자별,003580,003580,VolSpike_10_3x,159.0755867520007
투자자별,000990,000990,VolAdj_F10_V20,158.9853602500009
투자자별,016610,016610,SmartDiv_50_20,153.89119576000058
앙상블,6400,삼성SDI,Adaptive_40,153.1843249330015
투자자별,003580,003580,MACD_8_21_5_F10,150.9376532130015
투자자별,001120,001120,SmartDiv_20_10,150.5900023500021
투자자별,000990,000990,TrendStr_20_100_10,146.81857270000086
앙상블,35720,카카오,Voting_4,134.37221711100247
앙상블,35720,카카오,MultiFactor_334_40,128.6273003060025
투자자별,010120,010120,TrendStr_10_50_5,128.14742220000176
앙상블,5380,현대차,MultiFactor_334_40,126.8799127000013
앙상블,42700,한미반도체,VolBreak_0.6_5,126.29259491000307
앙상블,660,SK하이닉스,Voting_3,122.2694164000014
투자자별,001530,001530,VolAdj_F5_V15,119.94201905300172
투자자별,010120,010120,RetailContra_5_80,118.95826360000184
앙상블,86520,에코프로,Breakout_20_5,118.6351528440009
투자자별,015590,015590,RSI_14_30_F5,116.17619550500116
앙상블,6400,삼성SDI,Adaptive_30,115.87999775500104
포트폴리오,PORTFOLIO,MomRotation_L20_Top2_R5,MomRotation_L20_Top2_R5,112.8709244850056
포트폴리오,PORTFOLIO,CombinedRotation_Top3_R5,CombinedRotation_Top3_R5,112.50482168200284
투자자별,007700,007700,SmartDiv_20_10,110.09698299000374
앙상블,660,SK하이닉스,Voting_4,109.4967663000016
투자자별,012030,012030,SmartDiv_20_10,108.75719425900188
투자자별,007340,007340,VolAdj_F10_V20,106.82996355100084
투자자별,014790,014790,VolAdj_F10_V20,104.2013868640015
투자자별,051915,051915,TrendStr_20_100_10,103.88239960000068
앙상블,207940,삼성바이오로직스,Adaptive_40,103.07979459000184
투자자별,001045,001045,TrendStr_20_100_10,101.83796096500076
앙상블,42700,한미반도체,Breakout_50_10,101.0631966050006
앙상블,6400,삼성SDI,MultiFactor_443_50,99.80125788100165
투자자별,000590,000590,SmartDiv_20_10,99.73094300000125
투자자별,000215,000215,VolSpike_20_2x,98.36824422100172
앙상블,196170,알테오젠,VolBreak_0.4_3,97.50679725200452
앙상블,6400,삼성SDI,Voting_4,94.593627371002
투자자별,012030,012030,VolAdj_F5_V15,94.04743707500148
투자자별,001530,001530,TrendStr_10_50_5,91.63628378800166
투자자별,012030,012030,SmartDiv_50_20,90.92584171700132
투자자별,001530,001530,SmartDiv_20_10,90.62093876700166
투자자별,001460,001460,RetailContra_5_80,89.4766097000012
투자자별,000215,000215,VolAdj_F10_V20,88.98205296600136
투자자별,016610,016610,TrendStr_20_100_10,88.86919905500064
앙상블,196170,알테오젠,VolBreak_0.5_3,86.57981146400371
투자자별,012630,012630,SmartDiv_50_20,85.67010683000058
투자자별,011200,011200,TrendStr_20_100_10,85.28944277300128
투자자별,011200,011200,RetailContra_5_80,85.28900609600312
투자자별,011200,011200,TrendStr_10_50_5,83.5835847340016
투자자별,009540,009540,SmartDiv_20_10,82.5642866000013
앙상블,196170,알테오젠,Breakout_10_3,81.9467922080018
앙상블,6400,삼성SDI,MultiFactor_334_40,81.69536627800143
투자자별,000990,000990,RetailContra_5_80,80.54458630000187
투자자별,009540,009540,SmartDiv_50_20,80.15016554100087
투자자별,007340,007340,TrendStr_20_100_10,79.69449013300085
포트폴리오,PORTFOLIO,CombinedRotation_Top5_R5,CombinedRotation_Top5_R5,79.58254525500185
앙상블,5380,현대차,MultiFactor_443_50,78.95050710000127
투자자별,001460,001460,SmartDiv_20_10,76.70829690000137
투자자별,007700,007700,VolAdj_F5_V15,76.6523834400014
투자자별,000680,000680,VolAdj_F5_V15,76.04196496000168
투자자별,014790,014790,SmartDiv_20_10,75.63893377500149
앙상블,207940,삼성바이오로직스,MomQuality_10_5,74.63834168600214
포트폴리오,PORTFOLIO,ForeignRotation_L20_Top3_R5,ForeignRotation_L20_Top3_R5,74.44066208400226
앙상블,28300,HLB,Breakout_10_3,73.93496289600107
투자자별,011070,011070,SmartDiv_50_20,72.9941818000021
투자자별,004840,004840,SmartDiv_50_20,72.5149062070012
앙상블,51910,LG화학,Adaptive_40,72.09761700000128
앙상블,6400,삼성SDI,MultiFactor_532_60,69.20977358500106
앙상블,196170,알테오젠,VolBreak_0.6_5,69.04988522100346
앙상블,247540,에코프로비엠,Voting_5,68.77682103100125
앙상블,207940,삼성바이오로직스,Voting_3,67.77610740100249
앙상블,5930,삼성전자,MultiFactor_443_50,67.52801564000097
투자자별,000990,000990,BB_20_2_F5,67.11074680000046
앙상블,196170,알테오젠,Voting_5,66.79699439700153
투자자별,001045,001045,VolAdj_F5_V15,66.47468759700136
투자자별,006260,006260,VolSpike_20_2x,66.09771415000097
앙상블,42700,한미반도체,Breakout_20_5,65.94462349000075
투자자별,001250,001250,TrendStr_10_50_5,65.15643344500184
투자자별,001460,001460,SmartDiv_50_20,64.08014705000087
앙상블,6400,삼성SDI,Voting_3,63.732230083002094
앙상블,207940,삼성바이오로직스,Adaptive_30,63.56957038000116
투자자별,000590,000590,SmartDiv_50_20,63.30798840000084
앙상블,207940,삼성바이오로직스,Voting_4,62.75324282900209
투자자별,001250,001250,SmartDiv_20_10,61.46984857400235
앙상블,42700,한미반도체,Breakout_10_3,60.398060365000994
투자자별,010120,010120,VolAdj_F10_V20,60.18817920000047
포트폴리오,PORTFOLIO,MomRotation_L20_Top3_R5,MomRotation_L20_Top3_R5,60.18605560300293
앙상블,35720,카카오,Breakout_10_3,59.69595706000146
투자자별,001530,001530,TrendStr_20_100_10,59.544670523000775
앙상블,35720,카카오,Breakout_50_10,59.52385953900069
투자자별,014790,014790,VolAdj_F5_V15,59.20473807500139
앙상블,35720,카카오,MultiFactor_532_60,59.16229732300189
앙상블,5930,삼성전자,MultiFactor_334_40,58.90036527000109
투자자별,051915,051915,VolSpike_20_2x,58.85620480000063
투자자별,001460,001460,RetailContra_10_90,58.710131100000496
앙상블,35720,카카오,Adaptive_40,58.09312246500223
투자자별,000590,000590,TrendStr_10_50_5,58.05711550000083
투자자별,000215,000215,VolAdj_F5_V15,57.78086313600149
투자자별,001250,001250,VolAdj_F10_V20,56.81582901200143
포트폴리오,PORTFOLIO,CombinedRotation_Top2_R5,CombinedRotation_Top2_R5,55.64752374100378
투자자별,012630,012630,VolAdj_F5_V15,55.54405210000096
앙상블,5930,삼성전자,Voting_3,55.14261634000126
포트폴리오,PORTFOLIO,ForeignRotation_L20_Top2_R10,ForeignRotation_L20_Top2_R10,55.00427271500126
앙상블,660,SK하이닉스,Adaptive_40,54.468373500001135
앙상블,660,SK하이닉스,Breakout_10_3,54.46783650000134
투자자별,000215,000215,TrendStr_10_50_5,54.1138066640009
투자자별,010120,010120,VolAdj_F5_V15,53.37760655000054
투자자별,001250,001250,RSI_7_25_F10,53.13270287300092
투자자별,051910,051910,TrendStr_20_100_10,52.94412550000095
투자자별,000990,000990,TrendStr_10_50_5,52.5579977000013
투자자별,001250,001250,VolAdj_F5_V15,52.09471911200202
투자자별,001530,001530,VolAdj_F10_V20,51.79681496900124
투자자별,003580,003580,RSI_14_30_F5,51.74522093100151
투자자별,014790,014790,SmartDiv_50_20,51.32635631000072
앙상블,660,SK하이닉스,VolBreak_0.5_3,51.307147300002754
투자자별,039570,039570,RetailContra_10_90,51.14700704000047
투자자별,00104K,00104K,TrendStr_20_100_10,50.58405990000069
앙상블,660,SK하이닉스,Voting_5,50.40811160000192
앙상블,660,SK하이닉스,VolBreak_0.4_3,50.23065930000323
앙상블,35720,카카오,Breakout_20_5,49.75739657400104
앙상블,86520,에코프로,VolBreak_0.6_5,49.69699641200173
앙상블,5930,삼성전자,Voting_5,49.47856817000139
앙상블,5930,삼성전자,Breakout_20_5,49.32892015000087
앙상블,207940,삼성바이오로직스,MultiFactor_532_60,49.05978285200149
투자자별,015590,015590,TrendStr_10_50_5,49.05721364800096
투자자별,001530,001530,MACD_12_26_9_F5,48.56282279400048
투자자별,051910,051910,SmartDiv_20_10,48.01878040000194
투자자별,011070,011070,TrendStr_20_100_10,47.81874990000063
앙상블,660,SK하이닉스,MultiFactor_532_60,47.41852200000119
투자자별,007340,007340,RetailContra_10_90,46.86574914800045
투자자별,014790,014790,RetailContra_5_80,46.72443891000122
앙상블,35720,카카오,MomQuality_20_10,46.07501489800137
앙상블,373220,LG에너지솔루션,Voting_5,45.742398000000776
투자자별,00104K,00104K,SmartDiv_50_20,45.28388470000041
투자자별,051910,051910,RSI_14_30_F5,44.99974370000047
투자자별,003580,003580,RetailContra_5_80,44.94481123300287
투자자별,051910,051910,VolAdj_F10_V20,44.77282040000036
투자자별,000300,000300,TrendStr_10_50_5,44.52482606400084
투자자별,000590,000590,RetailContra_5_80,44.13816250000155
투자자별,015590,015590,VolAdj_F5_V15,43.354544127000864
투자자별,006840,006840,MACD_8_21_5_F10,42.59322136000079
투자자별,011155,011155,BB_20_2_F5,42.45981103000032
투자자별,006260,006260,VolAdj_F5_V15,42.23449045000085
투자자별,015590,015590,VolSpike_20_2x,41.93463059500096
앙상블,42700,한미반도체,MeanRev_20_2,41.87272341000045
투자자별,051910,051910,RetailContra_10_90,41.792945000000685
투자자별,003555,003555,TrendStr_10_50_5,41.70678037700051
투자자별,011150,011150,BB_20_2.5_F10,41.33640869500015
투자자별,012030,012030,TrendStr_10_50_5,41.14944128000123
투자자별,003580,003580,BB_20_2_F5,41.0933717470004
투자자별,027410,027410,TrendStr_20_100_10,40.87493853600044
투자자별,000480,000480,VolAdj_F5_V15,40.54828673500198
투자자별,000215,000215,SmartDiv_20_10,40.52762867100117
앙상블,5930,삼성전자,Adaptive_40,40.35456650000084
투자자별,000990,000990,MACD_12_26_9_F5,40.3103746000008
투자자별,051910,051910,RSI_7_25_F10,39.7531380000006
투자자별,027410,027410,VolSpike_10_3x,39.0520611980002
앙상블,42700,한미반도체,MeanRev_20_2.5,38.858442410000144
투자자별,007700,007700,MACD_8_21_5_F10,38.32412878000089
앙상블,660,SK하이닉스,Adaptive_30,38.19595000000089
투자자별,039570,039570,RetailContra_5_80,37.88276337500092
투자자별,007340,007340,VolAdj_F5_V15,37.714332192001166
투자자별,027410,027410,TrendStr_10_50_5,37.44513643700093
투자자별,005830,005830,RSI_7_25_F10,37.14519280000076
앙상블,35720,카카오,Adaptive_30,36.94752762400124
앙상블,5930,삼성전자,Voting_4,36.59400246000112
투자자별,002460,002460,VolAdj_F10_V20,36.30202445000112
투자자별,060980,060980,VolSpike_20_2x,35.91451455000102
투자자별,011200,011200,SmartDiv_20_10,35.76710091400275
앙상블,5380,현대차,MomQuality_20_10,35.76672240000105
앙상블,196170,알테오젠,Breakout_20_5,35.53870023400092
투자자별,000990,000990,RSI_14_30_F5,35.34442915000057
투자자별,051915,051915,RetailContra_10_90,35.069025500000414
투자자별,006260,006260,RSI_7_25_F10,34.80813895000088
투자자별,005830,005830,BB_20_2_F5,34.7934545500004
투자자별,000590,000590,RetailContra_10_90,34.61061510000068
투자자별,000990,000990,VolAdj_F5_V15,34.06542335000077
투자자별,016610,016610,TrendStr_10_50_5,33.68881103000097
투자자별,001250,001250,VolSpike_20_2x,33.52162838400103
앙상블,6400,삼성SDI,Breakout_50_10,32.86751197100039
투자자별,012630,012630,SmartDiv_20_10,32.703004812000856
투자자별,007700,007700,MACD_12_26_9_F5,32.6338715300006
앙상블,5380,현대차,Breakout_20_5,32.569111800000755
투자자별,000590,000590,VolAdj_F5_V15,31.71680980000116
투자자별,011155,011155,BB_20_2.5_F10,31.61001333000013
투자자별,001530,001530,MACD_8_21_5_F10,31.51931400900068
투자자별,051910,051910,SmartDiv_50_20,31.08911400000101
투자자별,00104K,00104K,SmartDiv_20_10,31.02302790000065
투자자별,007340,007340,RSI_7_25_F10,30.416575751000916
포트폴리오,PORTFOLIO,ForeignRotation_L20_Top2_R20,ForeignRotation_L20_Top2_R20,30.41082291200049
투자자별,000990,000990,BB_20_2.5_F10,30.368989750000136
투자자별,006260,006260,VolSpike_10_3x,30.278696950000107
앙상블,6400,삼성SDI,Breakout_20_5,29.92000907200085
투자자별,001045,001045,TrendStr_10_50_5,29.8581448550009
앙상블,660,SK하이닉스,Breakout_20_5,29.815653000000985
투자자별,012030,012030,MACD_8_21_5_F10,29.70758189000067
앙상블,247540,에코프로비엠,VolBreak_0.6_5,29.56976995600213
앙상블,196170,알테오젠,Breakout_50_10,29.370225236000643
투자자별,006840,006840,BB_20_2.5_F10,29.31654554000014
투자자별,004840,004840,VolSpike_10_3x,29.199420216000483
투자자별,012630,012630,VolAdj_F10_V20,29.174474440000623
투자자별,007700,007700,BB_20_2.5_F10,28.854712275000093
투자자별,001040,001040,SmartDiv_50_20,28.81545307500061
투자자별,011150,011150,BB_20_2_F5,28.654583550000368
투자자별,000120,000120,RSI_7_25_F10,28.63865110000129
투자자별,015590,015590,VolAdj_F10_V20,28.46870199800071
투자자별,004840,004840,VolAdj_F10_V20,28.373618746000783
투자자별,011150,011150,RSI_14_30_F5,28.290561135000765
투자자별,001530,001530,RetailContra_10_90,28.279193499000357
투자자별,00104K,00104K,TrendStr_10_50_5,28.09554550000079
투자자별,051915,051915,MACD_8_21_5_F10,27.70828980000098
투자자별,051915,051915,VolAdj_F5_V15,27.63905760000017
투자자별,001045,001045,MACD_8_21_5_F10,27.52657503700079
투자자별,000215,000215,RSI_7_25_F10,27.40098346700093
투자자별,007700,007700,VolSpike_20_2x,27.382967590001037
투자자별,035000,035000,VolAdj_F5_V15,26.542782510001583
투자자별,004840,004840,VolSpike_20_2x,26.537725668000967
투자자별,015590,015590,MACD_8_21_5_F10,25.766083211001085
투자자별,006260,006260,RSI_14_30_F5,25.377252450000764
투자자별,011200,011200,MACD_8_21_5_F10,24.97477593100099
투자자별,001465,001465,TrendStr_10_50_5,24.85138086000034
투자자별,000990,000990,RetailContra_10_90,24.508660450000644
투자자별,000300,000300,RSI_7_25_F10,24.16827966100083
투자자별,006260,006260,MACD_8_21_5_F10,23.98109825000073
앙상블,5930,삼성전자,Adaptive_30,23.967484800000875
투자자별,001250,001250,RetailContra_10_90,23.80329986500059
투자자별,009540,009540,RetailContra_5_80,23.58926299200146
투자자별,012630,012630,TrendStr_20_100_10,23.350207421000256
투자자별,001460,001460,TrendStr_20_100_10,23.10240890000056
투자자별,011070,011070,TrendStr_10_50_5,23.009359800001487
투자자별,032640,032640,BB_20_2_F5,22.98594132000032
투자자별,006260,006260,VolAdj_F10_V20,22.891134250000626
투자자별,017860,017860,VolSpike_20_2x,22.850951439000145
투자자별,004840,004840,VolAdj_F5_V15,22.61475647000077
앙상블,207940,삼성바이오로직스,Voting_5,22.40841218100138
투자자별,015590,015590,MACD_12_26_9_F5,22.07993167400073
투자자별,000680,000680,VolAdj_F10_V20,21.731232955001296
투자자별,011070,011070,RSI_7_25_F10,21.63751420000078
앙상블,51910,LG화학,Voting_3,21.10013670000185
투자자별,016610,016610,RetailContra_5_80,21.06793534500101
투자자별,001045,001045,MACD_12_26_9_F5,21.04718302400075
투자자별,000480,000480,RSI_14_30_F5,20.845844670000464
투자자별,007340,007340,SmartDiv_50_20,20.343112705000728
투자자별,012030,012030,VolSpike_20_2x,20.270950988000944
투자자별,016610,016610,SmartDiv_20_10,20.21884797500116
투자자별,004840,004840,RetailContra_10_90,19.975950999000624
투자자별,011200,011200,VolAdj_F10_V20,19.91770935900079
투자자별,000300,000300,RetailContra_5_80,19.735126276001512
투자자별,007340,007340,TrendStr_10_50_5,19.686983578000977
앙상블,5930,삼성전자,MomQuality_10_5,19.265553860001205
투자자별,001460,001460,VolAdj_F5_V15,19.236619450001253
투자자별,012630,012630,VolSpike_20_2x,18.892057177000652
투자자별,000990,000990,RSI_7_25_F10,18.799315700000943
투자자별,051910,051910,VolSpike_10_3x,18.67399050000009
투자자별,000300,000300,VolSpike_10_3x,18.650515164000392
앙상블,68270,셀트리온제약,Breakout_20_5,18.567253642000644
투자자별,009540,009540,RSI_7_25_F10,18.27797401400103
투자자별,003580,003580,BB_20_2.5_F10,18.02005917500013
앙상블,5930,삼성전자,VolBreak_0.6_5,17.893017160001783
앙상블,5930,삼성전자,Breakout_10_3,17.73105100000115
투자자별,011070,011070,SmartDiv_20_10,17.4740275000027
투자자별,012030,012030,RSI_14_30_F5,17.326011417000515
투자자별,000680,000680,MACD_8_21_5_F10,17.32018400500074
앙상블,5930,삼성전자,Breakout_50_10,17.270518500000478
투자자별,051910,051910,VolSpike_20_2x,17.001261500000567
앙상블,5380,현대차,MomQuality_10_5,16.936961700001778
투자자별,000680,000680,BB_20_2.5_F10,16.56303454000014
투자자별,014790,014790,MACD_12_26_9_F5,16.526880675000577
앙상블,35720,카카오,Voting_5,16.239426610001324
투자자별,016610,016610,MACD_12_26_9_F5,16.121308965000523
투자자별,001530,001530,RetailContra_5_80,15.972472686001185
투자자별,000990,000990,VolSpike_10_3x,15.96022765000032
앙상블,373220,LG에너지솔루션,Adaptive_40,15.36240000000076
투자자별,001250,001250,MACD_12_26_9_F5,15.118851016000717
투자자별,000990,000990,VolSpike_20_2x,14.88864155000095
투자자별,001460,001460,TrendStr_10_50_5,14.687585150000643
투자자별,001465,001465,MACD_8_21_5_F10,14.673117120000526
투자자별,007340,007340,SmartDiv_20_10,14.534148765001072
투자자별,001460,001460,VolAdj_F10_V20,14.495609250001191
투자자별,003580,003580,SmartDiv_20_10,14.107328766003985
투자자별,003580,003580,TrendStr_10_50_5,14.053868257001444
투자자별,005830,005830,TrendStr_20_100_10,14.04873895000045
투자자별,009540,009540,VolSpike_20_2x,14.048618977000713
투자자별,000300,000300,BB_20_2_F5,13.698072772000373
투자자별,000215,000215,TrendStr_20_100_10,13.645680797000615
투자자별,017940,017940,TrendStr_20_100_10,13.622276750000594
투자자별,001465,001465,RetailContra_10_90,13.61607226000017
투자자별,011150,011150,VolAdj_F10_V20,13.220275370001556
앙상블,86520,에코프로,Breakout_50_10,13.1370807850005
앙상블,28300,HLB,Voting_3,13.11625120800194
투자자별,006360,006360,BB_20_2_F5,13.102717100000364
투자자별,000480,000480,VolAdj_F10_V20,12.877555305001362
투자자별,000300,000300,RetailContra_10_90,12.48450308900054
투자자별,012630,012630,TrendStr_10_50_5,12.454253441000596
투자자별,007700,007700,VolSpike_10_3x,12.176377985000268
투자자별,014790,014790,BB_20_2.5_F10,12.055776890000075
투자자별,001040,001040,VolSpike_20_2x,12.017412541000768
투자자별,011070,011070,VolAdj_F5_V15,11.942524800000369
투자자별,006260,006260,BB_20_2_F5,11.793973200000403
투자자별,001530,001530,RSI_14_30_F5,11.75238943100062
투자자별,015590,015590,SmartDiv_20_10,11.423282656001613
투자자별,007340,007340,RetailContra_5_80,11.343857345001132
앙상블,293490,카카오게임즈,Voting_5,11.323497350000784
투자자별,00104K,00104K,RSI_7_25_F10,11.172453600000292
투자자별,000215,000215,MACD_8_21_5_F10,11.160889700000762
투자자별,016610,016610,RetailContra_10_90,11.140308920000448
투자자별,016610,016610,VolSpike_20_2x,10.838170850000918
투자자별,002460,002460,RSI_7_25_F10,10.64617861000067
투자자별,060980,060980,RSI_7_25_F10,10.400526600000903
투자자별,000120,000120,VolSpike_10_3x,10.368022900000216
앙상블,207940,삼성바이오로직스,MomQuality_20_10,10.191624578001038
투자자별,032640,032640,RSI_14_30_F5,10.048769440000296
투자자별,004840,004840,RSI_7_25_F10,9.990415489000483
투자자별,003555,003555,RetailContra_10_90,9.835251360000283
투자자별,001040,001040,TrendStr_20_100_10,9.618580134000332
투자자별,000210,000210,BB_20_2.5_F10,9.59589853200008
투자자별,004840,004840,MACD_12_26_9_F5,9.509653242000477
투자자별,006360,006360,VolSpike_20_2x,9.291243180000691
투자자별,00104K,00104K,VolAdj_F5_V15,9.10757225000076
투자자별,001045,001045,VolSpike_10_3x,9.103422960000335
투자자별,000210,000210,BB_20_2_F5,8.94564326300034
투자자별,017940,017940,SmartDiv_50_20,8.844015800000518
투자자별,000120,000120,MACD_12_26_9_F5,8.803006500000714
투자자별,011070,011070,RetailContra_10_90,8.757458500000492
투자자별,001120,001120,TrendStr_20_100_10,8.720428300000458
앙상블,196170,알테오젠,MeanRev_20_2.5,8.565200160000042
투자자별,000590,000590,VolAdj_F10_V20,8.37226875000076
앙상블,86520,에코프로,MeanRev_20_2.5,8.356563253000097
투자자별,011070,011070,BB_20_2_F5,8.34194380000028
투자자별,004840,004840,BB_20_2_F5,8.11500254200013
투자자별,002460,002460,BB_20_2_F5,8.104902130000175
투자자별,012030,012030,VolSpike_10_3x,7.952725863000333
투자자별,007700,007700,RSI_7_25_F10,7.938098530000969
투자자별,011200,011200,VolAdj_F5_V15,7.78964127900058
투자자별,000215,000215,VolSpike_10_3x,7.78167073900035
앙상블,5380,현대차,Breakout_50_10,7.568640500000477
앙상블,86520,에코프로,MeanRev_20_2,7.319821967000246
투자자별,032640,032640,BB_20_2.5_F10,7.317874580000073
앙상블,28300,HLB,Voting_5,7.281188483000889
앙상블,68270,셀트리온제약,Breakout_10_3,7.2783188750007
투자자별,000480,000480,BB_20_2_F5,7.235311070000217
투자자별,051915,051915,TrendStr_10_50_5,7.206843800000831
투자자별,000210,000210,RSI_7_25_F10,7.0560523010008485
앙상블,51910,LG화학,Adaptive_30,7.047286000000804
투자자별,007070,007070,BB_20_2.5_F10,6.465022945000097
투자자별,003580,003580,MACD_12_26_9_F5,6.426711767000705
투자자별,051910,051910,BB_20_2_F5,6.386437500000164
투자자별,051915,051915,RetailContra_5_80,6.274212800001353
투자자별,001250,001250,RetailContra_5_80,6.17094398500204
투자자별,012030,012030,RetailContra_5_80,6.152183598001212
투자자별,00104K,00104K,BB_20_2.5_F10,6.004859500000059
투자자별,009540,009540,RSI_14_30_F5,5.781652208000481
투자자별,00104K,00104K,VolAdj_F10_V20,5.726107900000707
앙상블,660,SK하이닉스,MeanRev_20_2,5.67601740000011
투자자별,001120,001120,MACD_12_26_9_F5,5.414952970000729
투자자별,051910,051910,MACD_12_26_9_F5,5.391509600000769
앙상블,5380,현대차,MeanRev_20_2,5.100239500000193
투자자별,051910,051910,MACD_8_21_5_F10,4.987291000000983
앙상블,207940,삼성바이오로직스,MeanRev_20_2,4.907168948000282
앙상블,207940,삼성바이오로직스,MultiFactor_334_40,4.854641042001292
투자자별,060980,060980,BB_20_2_F5,4.523386900000275
투자자별,051915,051915,MACD_12_26_9_F5,4.510424600000769
투자자별,000215,000215,RSI_14_30_F5,4.504975403000668
앙상블,207940,삼성바이오로직스,VolBreak_0.4_3,4.440487645003051
투자자별,006260,006260,TrendStr_20_100_10,4.400289850000739
투자자별,017860,017860,BB_20_2_F5,4.38786863500005
앙상블,5930,삼성전자,MomQuality_20_10,4.386829460000858
투자자별,027410,027410,MACD_12_26_9_F5,4.254539799000606
투자자별,005830,005830,BB_20_2.5_F10,4.156997400000066
투자자별,006840,006840,VolSpike_20_2x,4.090898300000951
투자자별,017860,017860,TrendStr_20_100_10,3.960660935000048
투자자별,000120,000120,VolSpike_20_2x,3.943569700000882
투자자별,051905,051905,MACD_12_26_9_F5,3.878744800000832
투자자별,003555,003555,TrendStr_20_100_10,3.746915475000411
앙상블,247540,에코프로비엠,VolBreak_0.4_3,3.673776287002668
투자자별,051900,051900,RSI_7_25_F10,3.6065420000008936
투자자별,016610,016610,VolAdj_F5_V15,3.601606885001168
투자자별,032640,032640,VolAdj_F10_V20,3.596833500000581
투자자별,060980,060980,BB_20_2.5_F10,3.474114550000086
투자자별,002460,002460,VolAdj_F5_V15,3.392165310000971
투자자별,011070,011070,RSI_14_30_F5,3.361858100000411
투자자별,001530,001530,VolSpike_10_3x,3.3293187280003425
투자자별,001040,001040,VolSpike_10_3x,2.954343771000162
투자자별,051915,051915,RSI_14_30_F5,2.4342918000005334
투자자별,001250,001250,TrendStr_20_100_10,2.22118037000072
투자자별,060980,060980,VolSpike_10_3x,2.193627350000233
앙상블,51910,LG화학,Breakout_20_5,2.1629770000008044
앙상블,247540,에코프로비엠,MeanRev_20_2.5,2.054465704000056
투자자별,00104K,00104K,VolSpike_20_2x,1.9461564000005276
투자자별,005830,005830,VolSpike_10_3x,1.9242228000000416
투자자별,051910,051910,BB_20_2.5_F10,1.8743845000000443
투자자별,011155,011155,RSI_7_25_F10,1.8630047100009024
앙상블,5380,현대차,Breakout_10_3,1.824118000001088
투자자별,016610,016610,BB_20_2.5_F10,1.784744955000207
투자자별,011155,011155,VolAdj_F5_V15,1.6750761600007713
투자자별,051915,051915,VolAdj_F10_V20,1.6720574000005872
투자자별,001465,001465,MACD_12_26_9_F5,1.664925480000213
앙상블,51910,LG화학,MomQuality_10_5,1.6378928000016213
앙상블,207940,삼성바이오로직스,VolBreak_0.5_3,1.623871987002969
투자자별,006260,006260,BB_20_2.5_F10,1.6072780000000146
투자자별,00104K,00104K,BB_20_2_F5,1.412801200000152
투자자별,051915,051915,BB_20_2.5_F10,1.4005075000001193
앙상블,207940,삼성바이오로직스,MeanRev_20_2.5,1.3847111960000993
투자자별,014790,014790,VolSpike_20_2x,1.3249839450009464
앙상블,660,SK하이닉스,Breakout_50_10,1.3121795000006409
투자자별,00104K,00104K,VolSpike_10_3x,1.2234885000001638
투자자별,001120,001120,VolSpike_10_3x,1.0802552000002712
투자자별,035000,035000,MACD_12_26_9_F5,1.032254320000559
앙상블,5380,현대차,MeanRev_20_2.5,0.9832900000000894
투자자별,017940,017940,BB_20_2.5_F10,0.8638263500001431
투자자별,051900,051900,BB_20_2.5_F10,0.7768330000001042
투자자별,003555,003555,MACD_12_26_9_F5,0.7358813180004954
투자자별,001040,001040,BB_20_2.5_F10,0.7324179500001072
투자자별,005830,005830,VolSpike_20_2x,0.7204729500004202
앙상블,207940,삼성바이오로직스,VolBreak_0.6_5,0.6851860330022126
투자자별,051900,051900,RSI_14_30_F5,0.6754645000008047
앙상블,247540,에코프로비엠,VolBreak_0.5_3,0.674335397002399
앙상블,68270,셀트리온제약,MeanRev_20_2.5,0.5669474960001112
투자자별,00104K,00104K,RSI_14_30_F5,0.5608362000001371
투자자별,051905,051905,BB_20_2.5_F10,0.5538906000001579
투자자별,005830,005830,RSI_14_30_F5,0.5489450000004321
투자자별,007340,007340,MACD_12_26_9_F5,0.3591241830005199
투자자별,011155,011155,VolAdj_F10_V20,0.2264380600010455
투자자별,032640,032640,VolAdj_F5_V15,0.1835513900008648
투자자별,002460,002460,VolSpike_20_2x,0.1730803700008839
앙상블,251270,넷마블,MeanRev_20_2,0.0720897000001967
앙상블,5930,삼성전자,MultiFactor_532_60,0.0621654700007587
투자자별,009540,009540,InstMom_20,0.0
투자자별,010120,010120,InstMom_10,0.0
투자자별,012030,012030,InstMom_20,0.0
투자자별,007340,007340,InstMom_20,0.0
투자자별,007070,007070,InstMom_20,0.0
투자자별,051910,051910,InstMom_20,0.0
투자자별,051905,051905,InstMom_20,0.0
투자자별,007700,007700,InstMom_10,0.0
투자자별,001120,001120,InstMom_20,0.0
투자자별,006260,006260,InstMom_20,0.0
투자자별,006260,006260,InstMom_10,0.0
투자자별,000680,000680,InstMom_20,0.0
투자자별,051910,051910,InstMom_10,0.0
앙상블,5930,삼성전자,MeanRev_20_2.5,0.0
앙상블,660,SK하이닉스,MeanRev_20_2.5,0.0
투자자별,014790,014790,InstMom_10,0.0
투자자별,000215,000215,InstMom_10,0.0
투자자별,004840,004840,InstMom_20,0.0
투자자별,004840,004840,InstMom_10,0.0
투자자별,005830,005830,InstMom_20,0.0
투자자별,012630,012630,BB_20_2.5_F10,0.0
투자자별,012630,012630,InstMom_10,0.0
투자자별,035000,035000,InstMom_20,0.0
투자자별,035000,035000,InstMom_10,0.0
투자자별,017860,017860,InstMom_20,0.0
투자자별,017860,017860,InstMom_10,0.0
투자자별,027410,027410,InstMom_10,0.0
투자자별,027410,027410,InstMom_20,0.0
투자자별,001120,001120,InstMom_10,0.0
투자자별,011150,011150,InstMom_10,0.0
투자자별,000590,000590,InstMom_20,0.0
투자자별,000590,000590,InstMom_10,0.0
투자자별,003580,003580,InstMom_10,0.0
투자자별,003580,003580,InstMom_20,0.0
투자자별,011070,011070,InstMom_20,0.0
투자자별,000990,000990,InstMom_10,0.0
투자자별,005830,005830,InstMom_10,0.0
투자자별,009540,009540,InstMom_10,0.0
투자자별,010120,010120,InstMom_20,0.0
투자자별,017940,017940,InstMom_10,0.0
투자자별,00104K,00104K,InstMom_20,0.0
투자자별,037560,037560,InstMom_10,0.0
투자자별,039570,039570,InstMom_10,0.0
투자자별,037560,037560,InstMom_20,0.0
투자자별,032640,032640,InstMom_20,0.0
투자자별,032640,032640,InstMom_10,0.0
투자자별,001530,001530,InstMom_10,0.0
투자자별,001530,001530,InstMom_20,0.0
투자자별,011155,011155,InstMom_10,0.0
투자자별,011150,011150,InstMom_20,0.0
투자자별,011200,011200,InstMom_10,0.0
투자자별,011200,011200,InstMom_20,0.0
투자자별,001040,001040,InstMom_20,0.0
투자자별,003555,003555,InstMom_10,0.0
투자자별,012030,012030,InstMom_10,0.0
투자자별,011155,011155,InstMom_20,0.0
투자자별,000210,000210,InstMom_10,0.0
투자자별,000210,000210,InstMom_20,0.0
투자자별,001250,001250,InstMom_10,0.0
투자자별,001250,001250,InstMom_20,0.0
투자자별,000480,000480,InstMom_10,0.0
투자자별,000480,000480,InstMom_20,0.0
투자자별,001460,001460,InstMom_20,0.0
투자자별,001465,001465,InstMom_20,0.0
투자자별,016610,016610,InstMom_20,0.0
투자자별,016610,016610,InstMom_10,0.0
투자자별,014790,014790,InstMom_20,0.0
투자자별,001465,001465,InstMom_10,0.0
투자자별,001040,001040,InstMom_10,0.0
투자자별,017940,017940,InstMom_20,0.0
투자자별,017860,017860,BB_20_2.5_F10,0.0
투자자별,015590,015590,InstMom_20,0.0
투자자별,012630,012630,InstMom_20,0.0
투자자별,00104K,00104K,InstMom_10,0.0
투자자별,011070,011070,InstMom_10,0.0
투자자별,000990,000990,InstMom_20,0.0
투자자별,002460,002460,InstMom_10,0.0
투자자별,002460,002460,InstMom_20,0.0
투자자별,006840,006840,InstMom_20,0.0
투자자별,006840,006840,InstMom_10,0.0
투자자별,051915,051915,InstMom_20,0.0
투자자별,051915,051915,InstMom_10,0.0
투자자별,060980,060980,InstMom_10,0.0
투자자별,060980,060980,InstMom_20,0.0
투자자별,003555,003555,InstMom_20,0.0
투자자별,001460,001460,InstMom_10,0.0
투자자별,015590,015590,InstMom_10,0.0
투자자별,000300,000300,InstMom_20,0.0
투자자별,051900,051900,InstMom_10,0.0
투자자별,000300,000300,InstMom_10,0.0
투자자별,039570,039570,InstMom_20,0.0
투자자별,000120,000120,InstMom_10,0.0
투자자별,000120,000120,InstMom_20,0.0
투자자별,007070,007070,InstMom_10,0.0
투자자별,007700,007700,InstMom_20,0.0
투자자별,051900,051900,InstMom_20,0.0
투자자별,000215,000215,InstMom_20,0.0
투자자별,001045,001045,InstMom_20,0.0
투자자별,001045,001045,InstMom_10,0.0
투자자별,007340,007340,InstMom_10,0.0
투자자별,006360,006360,InstMom_10,0.0
투자자별,006360,006360,InstMom_20,0.0
투자자별,051905,051905,InstMom_10,0.0
투자자별,000680,000680,InstMom_10,0.0
투자자별,012030,012030,BB_20_2_F5,-0.0262507139998227
투자자별,035000,035000,RSI_7_25_F10,-0.0458080249994397
투자자별,001040,001040,RetailContra_5_80,-0.0900274899989962
앙상블,373220,LG에너지솔루션,MeanRev_20_2.5,-0.0938339999999702
투자자별,014790,014790,RSI_7_25_F10,-0.1031233539992123
투자자별,000480,000480,BB_20_2.5_F10,-0.1325598999999016
투자자별,00104K,00104K,RetailContra_10_90,-0.1368661999996751
투자자별,011150,011150,VolAdj_F5_V15,-0.2106710649983733
투자자별,002460,002460,BB_20_2.5_F10,-0.2698563899998962
투자자별,010120,010120,BB_20_2_F5,-0.4455183999996781
투자자별,017860,017860,RSI_7_25_F10,-0.4906917209997773
앙상블,293490,카카오게임즈,MeanRev_20_2.5,-0.5290792799999415
투자자별,007700,007700,RetailContra_5_80,-0.5311791549979598
투자자별,001250,001250,VolSpike_10_3x,-0.5383542599997223
투자자별,051915,051915,VolSpike_10_3x,-0.5417079999999702
투자자별,014790,014790,TrendStr_10_50_5,-0.6396865199993252
투자자별,027410,027410,VolSpike_20_2x,-0.6574139189994335
투자자별,051910,051910,VolAdj_F5_V15,-0.7091341999999881
투자자별,007340,007340,BB_20_2_F5,-0.736740360999763
앙상블,293490,카카오게임즈,MeanRev_20_2,-0.8130269899998308
투자자별,011155,011155,RSI_14_30_F5,-0.8602344699993134
투자자별,000215,000215,RetailContra_5_80,-0.9484556449989824
투자자별,032640,032640,RSI_7_25_F10,-1.0752808399993627
앙상블,5930,삼성전자,VolBreak_0.5_3,-1.1770342999977916
투자자별,003580,003580,VolAdj_F5_V15,-1.296006290999204
투자자별,000210,000210,VolSpike_10_3x,-1.306350245999813
투자자별,001045,001045,VolAdj_F10_V20,-1.3137314459992795
투자자별,017860,017860,RetailContra_5_80,-1.3603414629996866
앙상블,6400,삼성SDI,MeanRev_20_2.5,-1.3943265899999886
투자자별,001530,001530,BB_20_2_F5,-1.3971100459997654
투자자별,015590,015590,RetailContra_5_80,-1.4414905999989065
앙상블,51910,LG화학,MeanRev_20_2.5,-1.4866014999999702
앙상블,28300,HLB,Breakout_50_10,-1.4927469739996049
투자자별,015590,015590,BB_20_2_F5,-1.584118678999603
투자자별,000680,000680,SmartDiv_50_20,-1.6613521699988694
투자자별,011070,011070,BB_20_2.5_F10,-1.701384299999863
투자자별,006260,006260,MACD_12_26_9_F5,-1.753160999999389
투자자별,015590,015590,BB_20_2.5_F10,-1.757539209999874
투자자별,037560,037560,VolSpike_20_2x,-1.984094134999216
투자자별,003555,003555,VolSpike_20_2x,-2.073090613999069
투자자별,000590,000590,RSI_14_30_F5,-2.08232604999952
투자자별,014790,014790,TrendStr_20_100_10,-2.0825220499995054
투자자별,00104K,00104K,MACD_12_26_9_F5,-2.11264219999972
앙상블,251270,넷마블,MeanRev_20_2.5,-2.1468494999999703
투자자별,000680,000680,MACD_12_26_9_F5,-2.1779388349994573
투자자별,009540,009540,VolSpike_10_3x,-2.30162124699983
투자자별,001040,001040,BB_20_2_F5,-2.3421845269996524
투자자별,001120,001120,BB_20_2.5_F10,-2.4685729499999134
투자자별,012030,012030,RSI_7_25_F10,-2.751085996999145
투자자별,003580,003580,RSI_7_25_F10,-2.7698222409990576
투자자별,007700,007700,BB_20_2_F5,-2.796336359999761
앙상블,263750,펄어비스,MeanRev_20_2.5,-2.8351197199999243
앙상블,207940,삼성바이오로직스,MultiFactor_443_50,-2.899577773998886
투자자별,001040,001040,SmartDiv_20_10,-2.907123159999013
투자자별,051905,051905,BB_20_2_F5,-3.0305235999997704
앙상블,6400,삼성SDI,Breakout_10_3,-3.291581869998917
투자자별,003555,003555,MACD_8_21_5_F10,-3.342924268999264
투자자별,011070,011070,VolAdj_F10_V20,-3.4586690999995477
투자자별,001250,001250,SmartDiv_50_20,-3.525006129998475
앙상블,51910,LG화학,Voting_4,-3.628045499998137
투자자별,007340,007340,BB_20_2.5_F10,-3.7105542099998887
투자자별,037560,037560,VolSpike_10_3x,-3.7329143699997216
앙상블,51910,LG화학,MultiFactor_532_60,-3.795988099998817
투자자별,051905,051905,VolSpike_10_3x,-3.84705869999978
투자자별,032640,032640,VolSpike_10_3x,-3.943781329999909
투자자별,011200,011200,SmartDiv_50_20,-4.039718512999267
투자자별,060980,060980,MACD_8_21_5_F10,-4.151876899999171
투자자별,007070,007070,RSI_7_25_F10,-4.158999142999202
투자자별,039570,039570,MACD_12_26_9_F5,-4.178863624999493
투자자별,006360,006360,RSI_14_30_F5,-4.188106929999664
투자자별,035000,035000,SmartDiv_50_20,-4.199768169999466
앙상블,373220,LG에너지솔루션,MeanRev_20_2,-4.213192999999851
투자자별,051905,051905,RSI_7_25_F10,-4.2214313999992905
투자자별,006840,006840,VolSpike_10_3x,-4.354509309999808
투자자별,039570,039570,RSI_14_30_F5,-4.423112359999433
투자자별,032640,032640,SmartDiv_20_10,-4.474776969998821
투자자별,006360,006360,VolSpike_10_3x,-4.505702749999821
투자자별,039570,039570,VolSpike_10_3x,-4.5445213299997
투자자별,000300,000300,VolAdj_F5_V15,-4.581991243999093
투자자별,001465,001465,VolAdj_F10_V20,-4.634112349999263
투자자별,010120,010120,MACD_12_26_9_F5,-4.706328499999449
투자자별,001465,001465,VolSpike_20_2x,-4.862765159999505
투자자별,001120,001120,TrendStr_10_50_5,-4.988808899999335
투자자별,001120,001120,VolAdj_F5_V15,-5.106601879999399
투자자별,016610,016610,VolSpike_10_3x,-5.132840134999648
투자자별,011150,011150,VolSpike_20_2x,-5.153517459999174
투자자별,001460,001460,RSI_14_30_F5,-5.16508239999938
투자자별,032640,032640,MACD_12_26_9_F5,-5.16652400999935
투자자별,051915,051915,BB_20_2_F5,-5.17355119999972
투자자별,017860,017860,TrendStr_10_50_5,-5.197023555999905
앙상블,373220,LG에너지솔루션,Adaptive_30,-5.2554669999995385
투자자별,001460,001460,MACD_12_26_9_F5,-5.29518004999955
투자자별,012630,012630,VolSpike_10_3x,-5.375113950999767
투자자별,060980,060980,RetailContra_10_90,-5.393643249999627
투자자별,009540,009540,BB_20_2.5_F10,-5.4216965449998975
투자자별,039570,039570,VolAdj_F5_V15,-5.467723424999074
투자자별,012630,012630,BB_20_2_F5,-5.501373470999867
투자자별,001120,001120,BB_20_2_F5,-5.5072423499998
앙상블,35720,카카오,MeanRev_20_2.5,-5.714756503999949
투자자별,015590,015590,TrendStr_20_100_10,-5.789193317999393
투자자별,004840,004840,BB_20_2.5_F10,-5.824820549999952
앙상블,207940,삼성바이오로직스,Breakout_50_10,-5.839481160999462
투자자별,009540,009540,BB_20_2_F5,-5.963441124999642
앙상블,51910,LG화학,MeanRev_20_2,-6.039062499999806
투자자별,000120,000120,BB_20_2_F5,-6.197696799999579
투자자별,051900,051900,VolSpike_10_3x,-6.281450999999925
투자자별,051910,051910,RetailContra_5_80,-6.375303499998242
투자자별,001465,001465,BB_20_2_F5,-6.387552159999832
앙상블,68270,셀트리온제약,Breakout_50_10,-6.412889042999789
앙상블,51910,LG화학,Breakout_50_10,-6.460450999999508
투자자별,011150,011150,MACD_12_26_9_F5,-6.570663334999412
투자자별,00104K,00104K,RetailContra_5_80,-6.571153499999211
투자자별,011150,011150,RetailContra_10_90,-6.643832909999206
투자자별,006360,006360,RetailContra_10_90,-6.659510399999484
투자자별,002460,002460,TrendStr_20_100_10,-6.728040319999545
투자자별,006840,006840,MACD_12_26_9_F5,-6.7428477099993085
투자자별,060980,060980,VolAdj_F10_V20,-6.74894034999919
앙상블,5930,삼성전자,MeanRev_20_2,-6.755769499999969
앙상블,51910,LG화학,Breakout_10_3,-6.928113499998704
투자자별,032640,032640,VolSpike_20_2x,-7.068887609999433
투자자별,000215,000215,BB_20_2.5_F10,-7.1598254169999365
투자자별,006360,006360,SmartDiv_20_10,-7.20636115999867
투자자별,010120,010120,BB_20_2.5_F10,-7.2460562999998785
투자자별,000210,000210,MACD_12_26_9_F5,-7.34778512999934
투자자별,005830,005830,RetailContra_10_90,-7.361355799999609
투자자별,012030,012030,TrendStr_20_100_10,-7.391249677999437
투자자별,009540,009540,MACD_12_26_9_F5,-7.415933730999217
투자자별,006360,006360,RSI_7_25_F10,-7.429690709999323
투자자별,006260,006260,RetailContra_5_80,-7.431567249998613
투자자별,035000,035000,MACD_8_21_5_F10,-7.501734314999298
투자자별,039570,039570,VolAdj_F10_V20,-7.51612547999905
투자자별,032640,032640,TrendStr_20_100_10,-7.539715419999673
앙상블,6400,삼성SDI,MeanRev_20_2,-7.584347173999846
투자자별,011070,011070,RetailContra_5_80,-7.6373072999982545
투자자별,051905,051905,RSI_14_30_F5,-8.050410399999679
투자자별,000210,000210,RSI_14_30_F5,-8.06549188099946
투자자별,004840,004840,RSI_14_30_F5,-8.233017603999675
투자자별,003555,003555,BB_20_2_F5,-8.258010453999729
투자자별,017860,017860,MACD_12_26_9_F5,-8.332149293999866
투자자별,035000,035000,BB_20_2.5_F10,-8.353847299999847
투자자별,016610,016610,MACD_8_21_5_F10,-8.516348729999528
투자자별,017860,017860,VolAdj_F5_V15,-8.582896298999906
투자자별,012630,012630,RSI_14_30_F5,-8.627452893999696
투자자별,002460,002460,VolSpike_10_3x,-8.679058159999787
투자자별,011200,011200,BB_20_2.5_F10,-8.766251185999915
투자자별,035000,035000,VolAdj_F10_V20,-8.77957611499919
투자자별,011200,011200,MACD_12_26_9_F5,-8.792914228999273
투자자별,002460,002460,MACD_8_21_5_F10,-8.868069359999433
앙상블,35720,카카오,MeanRev_20_2,-9.004872952999815
투자자별,032640,032640,RetailContra_10_90,-9.006630479999437
투자자별,009540,009540,TrendStr_10_50_5,-9.00707344599931
투자자별,006360,006360,BB_20_2.5_F10,-9.080139649999962
앙상블,373220,LG에너지솔루션,Breakout_50_10,-9.106287499999686
투자자별,003555,003555,BB_20_2.5_F10,-9.145477848999889
투자자별,051900,051900,VolSpike_20_2x,-9.158771999999344
투자자별,001045,001045,RSI_14_30_F5,-9.256551739999562
투자자별,012630,012630,MACD_12_26_9_F5,-9.441910114999455
투자자별,007340,007340,RSI_14_30_F5,-9.493732207999557
투자자별,000210,000210,MACD_8_21_5_F10,-9.509943350999263
투자자별,001040,001040,RetailContra_10_90,-9.6237485749996
투자자별,001040,001040,VolAdj_F5_V15,-9.66935892399934
투자자별,039570,039570,TrendStr_20_100_10,-9.67122505499944
투자자별,015590,015590,RSI_7_25_F10,-9.921853703999266
투자자별,027410,027410,RetailContra_5_80,-9.923323420998976
투자자별,000480,000480,SmartDiv_50_20,-9.96203190999952
투자자별,039570,039570,BB_20_2.5_F10,-10.037727679999902
투자자별,051900,051900,BB_20_2_F5,-10.133149999999642
앙상블,68270,셀트리온제약,MeanRev_20_2,-10.170753429999754
투자자별,001120,001120,MACD_8_21_5_F10,-10.189452499999062
포트폴리오,PORTFOLIO,ForeignRotation_L20_Top2_R5,ForeignRotation_L20_Top2_R5,-10.260905224997922
투자자별,002460,002460,RSI_14_30_F5,-10.263709979999602
투자자별,039570,039570,MACD_8_21_5_F10,-10.274217404999316
앙상블,35720,카카오,VolBreak_0.6_5,-10.338571628997922
투자자별,001460,001460,BB_20_2_F5,-10.366707799999594
투자자별,000590,000590,BB_20_2.5_F10,-10.378758999999912
투자자별,001250,001250,BB_20_2.5_F10,-10.473758559999958
투자자별,007070,007070,VolSpike_10_3x,-10.561187666999876
투자자별,000300,000300,VolSpike_20_2x,-10.63960422999926
투자자별,014790,014790,VolSpike_10_3x,-10.677979734999626
투자자별,000215,000215,MACD_12_26_9_F5,-10.731092893999548
투자자별,001460,001460,VolSpike_10_3x,-10.795894099999606
투자자별,012030,012030,BB_20_2.5_F10,-10.802345458999932
앙상블,196170,알테오젠,MeanRev_20_2,-10.985659073999807
투자자별,000480,000480,MACD_12_26_9_F5,-11.006756364999696
투자자별,060980,060980,TrendStr_20_100_10,-11.051720599999593
앙상블,251270,넷마블,Breakout_50_10,-11.29684319999975
투자자별,001045,001045,BB_20_2.5_F10,-11.343396757999898
투자자별,003555,003555,VolAdj_F5_V15,-11.451366154998988
투자자별,011150,011150,VolSpike_10_3x,-11.524618829999657
투자자별,001120,001120,RSI_14_30_F5,-11.591397769999489
앙상블,51910,LG화학,MomQuality_20_10,-11.675687499999002
투자자별,051915,051915,RSI_7_25_F10,-11.6936553999992
투자자별,011070,011070,VolSpike_20_2x,-11.71513669999914
투자자별,00104K,00104K,MACD_8_21_5_F10,-11.739340099999652
앙상블,247540,에코프로비엠,MeanRev_20_2,-11.802065692999747
투자자별,011070,011070,VolSpike_10_3x,-11.855577799999772
투자자별,000210,000210,TrendStr_10_50_5,-11.86162189099942
투자자별,006840,006840,TrendStr_20_100_10,-11.909721099999636
투자자별,035000,035000,TrendStr_20_100_10,-11.968192584999576
투자자별,017860,017860,RSI_14_30_F5,-12.017743092999815
투자자별,039570,039570,TrendStr_10_50_5,-12.019860804999352
투자자별,011150,011150,MACD_8_21_5_F10,-12.02947049999912
투자자별,037560,037560,BB_20_2.5_F10,-12.23209195999986
투자자별,004840,004840,MACD_8_21_5_F10,-12.261033405999482
투자자별,003580,003580,SmartDiv_50_20,-12.277056801998151
투자자별,000120,000120,RetailContra_10_90,-12.407519699999392
앙상블,660,SK하이닉스,VolBreak_0.6_5,-12.716281399997843
투자자별,003580,003580,VolAdj_F10_V20,-12.726828480999233
투자자별,001465,001465,RSI_7_25_F10,-12.751270399999514
투자자별,017940,017940,TrendStr_10_50_5,-12.783161799999194
투자자별,000215,000215,BB_20_2_F5,-12.83237777499971
투자자별,016610,016610,BB_20_2_F5,-12.88401205999972
투자자별,001460,001460,MACD_8_21_5_F10,-13.032449299999282
투자자별,002460,002460,MACD_12_26_9_F5,-13.050072069999516
투자자별,001465,001465,RSI_14_30_F5,-13.183459159999773
투자자별,060980,060980,VolAdj_F5_V15,-13.49797584999919
투자자별,000300,000300,RSI_14_30_F5,-13.531716470999406
투자자별,002460,002460,TrendStr_10_50_5,-13.569240529999258
투자자별,032640,032640,MACD_8_21_5_F10,-13.633579889999108
투자자별,000590,000590,RSI_7_25_F10,-13.670621849999325
투자자별,039570,039570,BB_20_2_F5,-13.69040358499971
투자자별,035000,035000,RSI_14_30_F5,-13.699301649999637
투자자별,051915,051915,SmartDiv_20_10,-13.719132299998716
투자자별,007070,007070,MACD_12_26_9_F5,-13.771262492999522
투자자별,014790,014790,BB_20_2_F5,-13.804388109999746
앙상블,6400,삼성SDI,MomQuality_20_10,-13.83912452099912
투자자별,001465,001465,VolSpike_10_3x,-13.93362423999968
투자자별,003555,003555,VolSpike_10_3x,-13.962712585999723
투자자별,010120,010120,VolSpike_10_3x,-13.97242049999988
투자자별,001045,001045,SmartDiv_50_20,-14.063977898999571
앙상블,28300,HLB,MeanRev_20_2.5,-14.106997611999958
투자자별,007070,007070,MACD_8_21_5_F10,-14.202657245999337
투자자별,009540,009540,TrendStr_20_100_10,-14.251241928999544
투자자별,001460,001460,BB_20_2.5_F10,-14.452369549999863
투자자별,051905,051905,VolSpike_20_2x,-14.465595399998932
투자자별,000210,000210,VolAdj_F5_V15,-14.467976378999143
앙상블,263750,펄어비스,MeanRev_20_2,-14.55339522999978
투자자별,035000,035000,VolSpike_20_2x,-14.609213779999136
앙상블,28300,HLB,Breakout_20_5,-14.631156499999404
투자자별,007340,007340,MACD_8_21_5_F10,-14.666924500999182
투자자별,011150,011150,RetailContra_5_80,-14.692657654998392
투자자별,000120,000120,BB_20_2.5_F10,-14.723502999999896
투자자별,000300,000300,MACD_8_21_5_F10,-14.73929028899938
앙상블,51910,LG화학,Voting_5,-14.758236499998734
투자자별,005830,005830,MACD_12_26_9_F5,-14.77965824999945
투자자별,001530,001530,BB_20_2.5_F10,-14.800868601999897
앙상블,263750,펄어비스,Adaptive_30,-14.842258219999476
투자자별,000210,000210,VolAdj_F10_V20,-14.913949628999188
투자자별,001250,001250,RSI_14_30_F5,-14.98838171499954
투자자별,060980,060980,MACD_12_26_9_F5,-15.16261064999938
투자자별,037560,037560,RetailContra_10_90,-15.316717179999664
앙상블,5930,삼성전자,VolBreak_0.4_3,-15.323841739997771
앙상블,51910,LG화학,MultiFactor_443_50,-15.617124199998583
투자자별,001045,001045,VolSpike_20_2x,-15.636326563998804
앙상블,251270,넷마블,Breakout_10_3,-15.711467899999144
투자자별,000480,000480,RSI_7_25_F10,-15.76378719999951
투자자별,017940,017940,RetailContra_5_80,-15.88582159999892
투자자별,001465,001465,BB_20_2.5_F10,-15.899341619999854
투자자별,027410,027410,MACD_8_21_5_F10,-15.913303779999437
투자자별,001040,001040,TrendStr_10_50_5,-15.95178507499936
투자자별,011200,011200,VolSpike_20_2x,-15.961162783999203
투자자별,011200,011200,VolSpike_10_3x,-16.024257300999807
투자자별,014790,014790,MACD_8_21_5_F10,-16.22946336999926
투자자별,000990,000990,MACD_8_21_5_F10,-16.337283749999134
투자자별,037560,037560,MACD_12_26_9_F5,-16.364383984999492
투자자별,051900,051900,RetailContra_10_90,-16.484452499999268
투자자별,006360,006360,MACD_8_21_5_F10,-16.53680663999912
투자자별,060980,060980,TrendStr_10_50_5,-16.775435249999315
투자자별,001460,001460,VolSpike_20_2x,-16.894199899998917
투자자별,011155,011155,MACD_12_26_9_F5,-16.976710879999683
투자자별,009540,009540,MACD_8_21_5_F10,-17.36300661699903
앙상블,263750,펄어비스,Voting_5,-17.384420029999017
투자자별,001040,001040,MACD_12_26_9_F5,-17.388621165999414
투자자별,060980,060980,RSI_14_30_F5,-17.43227734999965
투자자별,012630,012630,RSI_7_25_F10,-17.51264299999952
투자자별,001045,001045,BB_20_2_F5,-17.654250788999736
투자자별,017860,017860,VolSpike_10_3x,-17.782204274999934
투자자별,037560,037560,SmartDiv_50_20,-18.005797259999333
투자자별,001250,001250,MACD_8_21_5_F10,-18.09612700499922
앙상블,68270,셀트리온제약,Voting_4,-18.159390602998137
앙상블,373220,LG에너지솔루션,Voting_4,-18.36010799999939
투자자별,000120,000120,RSI_14_30_F5,-18.507142799999446
투자자별,009540,009540,VolAdj_F10_V20,-18.517424306999743
투자자별,017860,017860,VolAdj_F10_V20,-18.53233962799987
투자자별,003555,003555,VolAdj_F10_V20,-18.541111612999217
투자자별,000300,000300,MACD_12_26_9_F5,-18.60405150899957
투자자별,000480,000480,VolSpike_10_3x,-18.70039179999961
앙상블,207940,삼성바이오로직스,Breakout_10_3,-18.913556562999084
투자자별,011200,011200,RSI_14_30_F5,-18.9388010869994
투자자별,039570,039570,RSI_7_25_F10,-19.038378144999296
투자자별,001120,001120,VolSpike_20_2x,-19.252100379999412
투자자별,007340,007340,VolSpike_10_3x,-19.304190759999766
투자자별,009540,009540,RetailContra_10_90,-19.333873039999517
투자자별,005830,005830,VolAdj_F10_V20,-19.388033549999594
투자자별,009540,009540,VolAdj_F5_V15,-19.481009213999734
투자자별,000590,000590,MACD_8_21_5_F10,-19.577327699999465
투자자별,006840,006840,RSI_14_30_F5,-19.65641679999937
앙상블,293490,카카오게임즈,Breakout_50_10,-19.70587399999982
앙상블,51910,LG화학,VolBreak_0.4_3,-19.763004099996863
투자자별,000210,000210,RetailContra_10_90,-19.817452388999538
투자자별,003555,003555,RSI_14_30_F5,-19.88917783399956
투자자별,015590,015590,RetailContra_10_90,-19.97481728399962
투자자별,000590,000590,MACD_12_26_9_F5,-19.989014699999675
투자자별,004840,004840,SmartDiv_20_10,-20.02117881699884
투자자별,002460,002460,RetailContra_10_90,-20.02530885999961
투자자별,014790,014790,RetailContra_10_90,-20.17506784999957
투자자별,000210,000210,VolSpike_20_2x,-20.17902032499923
투자자별,060980,060980,RetailContra_5_80,-20.21832134999886
앙상블,207940,삼성바이오로직스,Breakout_20_5,-20.221912558999165
투자자별,001250,001250,BB_20_2_F5,-20.27513689499977
투자자별,001045,001045,SmartDiv_20_10,-20.29181705499929
투자자별,012630,012630,MACD_8_21_5_F10,-20.35785870099947
투자자별,051900,051900,RetailContra_5_80,-20.590275999998138
투자자별,000680,000680,BB_20_2_F5,-20.804011134999723
투자자별,012030,012030,MACD_12_26_9_F5,-20.82279322899942
투자자별,014790,014790,RSI_14_30_F5,-21.17792033499959
앙상블,6400,삼성SDI,VolBreak_0.6_5,-21.469888717998312
앙상블,28300,HLB,MultiFactor_532_60,-21.518446483999
앙상블,293490,카카오게임즈,Breakout_20_5,-21.58607195999974
투자자별,035000,035000,VolSpike_10_3x,-21.807951254999665
투자자별,017940,017940,MACD_12_26_9_F5,-21.86185929999937
앙상블,251270,넷마블,Breakout_20_5,-21.98535794999944
투자자별,001465,001465,VolAdj_F5_V15,-22.013595109999404
투자자별,000590,000590,VolSpike_10_3x,-22.332530399999616
투자자별,001040,001040,RSI_14_30_F5,-22.41084224299936
투자자별,051905,051905,MACD_8_21_5_F10,-22.52542639999914
앙상블,28300,HLB,VolBreak_0.5_3,-22.544825956997517
투자자별,017940,017940,VolAdj_F10_V20,-22.64018404999901
투자자별,017860,017860,MACD_8_21_5_F10,-22.685362828999832
투자자별,000300,000300,SmartDiv_20_10,-22.709899785998623
앙상블,373220,LG에너지솔루션,MultiFactor_532_60,-22.84152599999942
투자자별,012630,012630,RetailContra_5_80,-22.96082879899922
투자자별,027410,027410,BB_20_2_F5,-22.97818464099981
투자자별,006260,006260,SmartDiv_20_10,-23.33118774999884
투자자별,051905,051905,RetailContra_5_80,-23.38419709999861
투자자별,006840,006840,RetailContra_5_80,-23.41985844999914
투자자별,007070,007070,BB_20_2_F5,-23.50470775999974
앙상블,68270,셀트리온제약,VolBreak_0.4_3,-23.50744152699739
앙상블,5380,현대차,VolBreak_0.6_5,-23.65251289999753
투자자별,027410,027410,BB_20_2.5_F10,-23.85856306799996
투자자별,039570,039570,VolSpike_20_2x,-23.90220923999928
투자자별,016610,016610,RSI_14_30_F5,-23.949057589999708
앙상블,6400,삼성SDI,MomQuality_10_5,-24.067117496998694
투자자별,001040,001040,RSI_7_25_F10,-24.247273037999136
투자자별,000480,000480,MACD_8_21_5_F10,-24.42519334999933
투자자별,001530,001530,VolSpike_20_2x,-24.491636390998973
앙상블,5380,현대차,Adaptive_30,-24.50411269999909
투자자별,005830,005830,VolAdj_F5_V15,-24.863718049999417
투자자별,011155,011155,MACD_8_21_5_F10,-25.038494589999186
투자자별,010120,010120,MACD_8_21_5_F10,-25.18565169999909
앙상블,293490,카카오게임즈,Breakout_10_3,-25.210027469999524
투자자별,011070,011070,MACD_12_26_9_F5,-25.29988579999924
투자자별,011150,011150,RSI_7_25_F10,-25.327750759999173
투자자별,011200,011200,BB_20_2_F5,-25.366015036999777
투자자별,012030,012030,RetailContra_10_90,-25.70985142999969
투자자별,017940,017940,VolAdj_F5_V15,-25.782207599998745
투자자별,016610,016610,VolAdj_F10_V20,-25.79916638999932
투자자별,000215,000215,SmartDiv_50_20,-25.95393379299934
투자자별,011070,011070,MACD_8_21_5_F10,-25.982285399998915
투자자별,007070,007070,RSI_14_30_F5,-26.24778242999952
투자자별,006840,006840,BB_20_2_F5,-26.255696509999755
투자자별,017940,017940,MACD_8_21_5_F10,-26.683959549999315
투자자별,001120,001120,VolAdj_F10_V20,-26.837289549999443
앙상블,373220,LG에너지솔루션,MomQuality_20_10,-27.168986499999463
투자자별,051910,051910,TrendStr_10_50_5,-27.33432699999924
투자자별,010120,010120,VolSpike_20_2x,-27.49021759999928
투자자별,011150,011150,SmartDiv_20_10,-28.015391629998327
투자자별,035000,035000,RetailContra_10_90,-28.338491409999445
투자자별,001040,001040,MACD_8_21_5_F10,-28.48817226099925
투자자별,001120,001120,RSI_7_25_F10,-28.91028495999926
투자자별,027410,027410,VolAdj_F5_V15,-29.07431849599916
앙상블,5380,현대차,Adaptive_40,-29.131043899998755
투자자별,000590,000590,TrendStr_20_100_10,-29.18626019999956
투자자별,006360,006360,VolAdj_F10_V20,-29.439241539999365
앙상블,5380,현대차,VolBreak_0.5_3,-29.59050129999724
투자자별,032640,032640,TrendStr_10_50_5,-30.052363999999613
투자자별,003555,003555,SmartDiv_20_10,-30.091196982999357
투자자별,004840,004840,RetailContra_5_80,-30.22178431699884
투자자별,000590,000590,BB_20_2_F5,-30.535879499999748
앙상블,6400,삼성SDI,Voting_5,-30.693319591999053
투자자별,035000,035000,BB_20_2_F5,-31.05749577999984
투자자별,004840,004840,TrendStr_20_100_10,-31.212521577999503
투자자별,007700,007700,TrendStr_10_50_5,-31.447173374998616
투자자별,037560,037560,MACD_8_21_5_F10,-31.4830310999994
포트폴리오,PORTFOLIO,LongShort_Top3_R5,LongShort_Top3_R5,-31.519439111999525
투자자별,007340,007340,VolSpike_20_2x,-31.635279476999195
투자자별,006260,006260,SmartDiv_50_20,-31.65940714999916
투자자별,005830,005830,MACD_8_21_5_F10,-31.90126039999902
투자자별,005830,005830,SmartDiv_50_20,-31.95563754999922
투자자별,051905,051905,RetailContra_10_90,-32.04297709999937
투자자별,000120,000120,TrendStr_10_50_5,-32.10945989999932
투자자별,051905,051905,TrendStr_10_50_5,-32.17002759999939
투자자별,017940,017940,VolSpike_10_3x,-32.17760904999971
투자자별,000120,000120,MACD_8_21_5_F10,-32.314594299998824
투자자별,051900,051900,MACD_8_21_5_F10,-32.37022449999913
투자자별,001530,001530,RSI_7_25_F10,-32.39575280699927
포트폴리오,PORTFOLIO,LongShort_Top3_R10,LongShort_Top3_R10,-32.480721157999646
앙상블,263750,펄어비스,VolBreak_0.6_5,-32.700567529998246
투자자별,006840,006840,TrendStr_10_50_5,-32.70493018999943
투자자별,006840,006840,SmartDiv_20_10,-32.88287630999914
투자자별,000680,000680,VolSpike_10_3x,-32.98867346499973
투자자별,003580,003580,TrendStr_20_100_10,-33.071874237999154
앙상블,28300,HLB,Adaptive_40,-33.188189347999554
투자자별,015590,015590,VolSpike_10_3x,-33.43066561199964
투자자별,000590,000590,VolSpike_20_2x,-33.44674199999924
투자자별,007070,007070,VolSpike_20_2x,-33.46154787899948
투자자별,027410,027410,RetailContra_10_90,-33.504225819999654
앙상블,373220,LG에너지솔루션,Breakout_20_5,-33.59453699999943
투자자별,051900,051900,MACD_12_26_9_F5,-33.59699449999928
앙상블,5380,현대차,VolBreak_0.4_3,-33.61143979999696
투자자별,003555,003555,RetailContra_5_80,-33.79290865299924
투자자별,012630,012630,RetailContra_10_90,-34.07720661599955
투자자별,006840,006840,RetailContra_10_90,-34.12883298999967
앙상블,263750,펄어비스,Breakout_50_10,-34.27666589999973
투자자별,002460,002460,SmartDiv_20_10,-34.428405649999256
앙상블,293490,카카오게임즈,VolBreak_0.6_5,-34.45591689999863
투자자별,001045,001045,RSI_7_25_F10,-34.459052449999504
투자자별,032640,032640,SmartDiv_50_20,-34.62442403999953
투자자별,037560,037560,BB_20_2_F5,-34.764657619999625
투자자별,017940,017940,RSI_14_30_F5,-35.40128719999952
앙상블,28300,HLB,MeanRev_20_2,-35.539412890999714
투자자별,000680,000680,RSI_14_30_F5,-35.600573034999506
앙상블,51910,LG화학,VolBreak_0.5_3,-35.83772919999762
앙상블,51910,LG화학,MultiFactor_334_40,-35.96300489999873
투자자별,060980,060980,SmartDiv_50_20,-36.00908154999959
투자자별,016610,016610,RSI_7_25_F10,-36.0518814699996
투자자별,000300,000300,VolAdj_F10_V20,-36.1056224109994
투자자별,011150,011150,TrendStr_10_50_5,-36.111730834999314
투자자별,000480,000480,SmartDiv_20_10,-36.12720531999928
앙상블,5380,현대차,Voting_4,-36.18944359999882
앙상블,35720,카카오,VolBreak_0.5_3,-36.33979248499773
포트폴리오,PORTFOLIO,LongShort_Top3_R20,LongShort_Top3_R20,-36.54578857099988
투자자별,017940,017940,BB_20_2_F5,-36.54778599999978
투자자별,003555,003555,SmartDiv_50_20,-36.712018779999646
투자자별,010120,010120,RSI_7_25_F10,-36.86219839999929
투자자별,037560,037560,RSI_14_30_F5,-36.97792755499948
앙상블,373220,LG에너지솔루션,MomQuality_10_5,-37.00662749999936
투자자별,037560,037560,TrendStr_20_100_10,-37.2189466099995
투자자별,003555,003555,RSI_7_25_F10,-37.225895924999456
투자자별,005830,005830,TrendStr_10_50_5,-37.29529199999944
투자자별,006360,006360,SmartDiv_50_20,-37.37650171999936
투자자별,000480,000480,TrendStr_20_100_10,-37.67143953999978
앙상블,28300,HLB,Adaptive_30,-37.76691006199963
투자자별,051900,051900,SmartDiv_20_10,-37.91600999999832
앙상블,293490,카카오게임즈,MultiFactor_443_50,-38.07096528999928
앙상블,373220,LG에너지솔루션,VolBreak_0.6_5,-38.39517199999874
투자자별,000120,000120,RetailContra_5_80,-38.54396989999865
투자자별,017940,017940,RSI_7_25_F10,-38.75384844999938
투자자별,051900,051900,TrendStr_10_50_5,-38.94949549999897
투자자별,000680,000680,VolSpike_20_2x,-38.987249709999205
투자자별,011200,011200,RSI_7_25_F10,-39.07954702499941
투자자별,007070,007070,RetailContra_10_90,-39.24406778999973
투자자별,017860,017860,RetailContra_10_90,-39.440931086999925
투자자별,000300,000300,TrendStr_20_100_10,-39.45373278099956
앙상블,68270,셀트리온제약,VolBreak_0.6_5,-39.46423540299852
투자자별,001040,001040,VolAdj_F10_V20,-39.67346445699946
앙상블,373220,LG에너지솔루션,VolBreak_0.5_3,-39.72153249999855
투자자별,035000,035000,SmartDiv_20_10,-39.7221136249993
투자자별,017940,017940,VolSpike_20_2x,-39.79246369999913
투자자별,001460,001460,RSI_7_25_F10,-40.01335779999926
앙상블,5380,현대차,MultiFactor_532_60,-40.14288129999901
투자자별,000480,000480,TrendStr_10_50_5,-40.25771535999963
앙상블,68270,셀트리온제약,Voting_3,-40.57724986499864
투자자별,000120,000120,VolAdj_F5_V15,-40.665492199999726
투자자별,010120,010120,RSI_14_30_F5,-40.75357534999952
앙상블,263750,펄어비스,MultiFactor_443_50,-40.80274761999928
투자자별,035000,035000,TrendStr_10_50_5,-41.013259449999424
투자자별,001120,001120,SmartDiv_50_20,-41.25467294999931
투자자별,017940,017940,RetailContra_10_90,-41.59098769999964
앙상블,5380,현대차,Voting_5,-42.16245729999885
앙상블,35720,카카오,VolBreak_0.4_3,-42.287579903997525
투자자별,000680,000680,TrendStr_20_100_10,-42.45769372499944
투자자별,006360,006360,MACD_12_26_9_F5,-42.571162849999446
투자자별,000210,000210,TrendStr_20_100_10,-42.70860835999963
앙상블,263750,펄어비스,Breakout_20_5,-42.78304355999951
투자자별,051900,051900,SmartDiv_50_20,-43.02732949999884
투자자별,006840,006840,VolAdj_F5_V15,-43.10643002999945
앙상블,68270,셀트리온제약,Adaptive_30,-43.22553398299915
앙상블,293490,카카오게임즈,Voting_3,-43.22645743999911
투자자별,000120,000120,SmartDiv_50_20,-43.33143409999931
투자자별,060980,060980,SmartDiv_20_10,-43.33804504999943
투자자별,006360,006360,TrendStr_10_50_5,-43.49260600999925
앙상블,373220,LG에너지솔루션,VolBreak_0.4_3,-43.50932849999839
투자자별,000480,000480,RetailContra_10_90,-43.57330321499976
투자자별,000215,000215,RetailContra_10_90,-43.67422525899964
앙상블,68270,셀트리온제약,VolBreak_0.5_3,-43.74735302999798
투자자별,051905,051905,VolAdj_F5_V15,-43.7849754999993
앙상블,68270,셀트리온제약,MomQuality_20_10,-43.99878558799922
투자자별,006360,006360,RetailContra_5_80,-44.00069265999917
투자자별,006260,006260,RetailContra_10_90,-44.00273774999962
투자자별,011150,011150,SmartDiv_50_20,-44.11418111499892
투자자별,007700,007700,RSI_14_30_F5,-44.327866639999584
투자자별,032640,032640,RetailContra_5_80,-44.45404534999893
앙상블,293490,카카오게임즈,Voting_4,-44.46449189999919
앙상블,373220,LG에너지솔루션,Voting_3,-44.48250399999934
투자자별,006260,006260,TrendStr_10_50_5,-45.79458234999911
투자자별,005830,005830,RetailContra_5_80,-45.79522914999888
투자자별,051905,051905,TrendStr_20_100_10,-45.87122209999981
투자자별,001120,001120,RetailContra_10_90,-46.12883469999963
앙상블,263750,펄어비스,MomQuality_20_10,-46.26232605999919
투자자별,000300,000300,BB_20_2.5_F10,-46.27691523799985
투자자별,007070,007070,TrendStr_10_50_5,-46.3755417919996
앙상블,28300,HLB,VolBreak_0.6_5,-46.53197387499858
투자자별,000120,000120,SmartDiv_20_10,-46.61036129999922
앙상블,293490,카카오게임즈,Adaptive_30,-47.090138989999616
앙상블,5380,현대차,Voting_3,-47.469924499998825
투자자별,051900,051900,VolAdj_F5_V15,-47.68445949999969
투자자별,000210,000210,SmartDiv_20_10,-47.707622409999054
투자자별,037560,037560,SmartDiv_20_10,-47.78563419999914
앙상블,293490,카카오게임즈,VolBreak_0.5_3,-48.0625386199989
앙상블,373220,LG에너지솔루션,MultiFactor_443_50,-48.132128499999446
투자자별,007070,007070,VolAdj_F5_V15,-48.15245982599937
투자자별,051900,051900,VolAdj_F10_V20,-48.17809649999938
앙상블,28300,HLB,VolBreak_0.4_3,-48.28316652699788
투자자별,000210,000210,SmartDiv_50_20,-48.3000962789995
앙상블,373220,LG에너지솔루션,Breakout_10_3,-48.31562149999934
투자자별,000120,000120,VolAdj_F10_V20,-48.37932459999965
투자자별,017860,017860,SmartDiv_50_20,-48.55313184599984
투자자별,002460,002460,RetailContra_5_80,-48.92405543999914
앙상블,68270,셀트리온제약,Voting_5,-49.11353887299922
앙상블,28300,HLB,MomQuality_20_10,-49.34145095499923
투자자별,007700,007700,RetailContra_10_90,-49.83757032999963
앙상블,28300,HLB,Voting_4,-49.98928988899896
투자자별,051900,051900,TrendStr_20_100_10,-50.03533749999952
투자자별,027410,027410,VolAdj_F10_V20,-50.04159672299952
투자자별,002460,002460,SmartDiv_50_20,-50.295399859999534
투자자별,027410,027410,RSI_14_30_F5,-50.61424832199971
앙상블,251270,넷마블,MomQuality_10_5,-50.88570674999888
앙상블,263750,펄어비스,MomQuality_10_5,-51.05559394999878
투자자별,006360,006360,VolAdj_F5_V15,-51.34550292999931
투자자별,000680,000680,RSI_7_25_F10,-51.99763456999948
앙상블,263750,펄어비스,VolBreak_0.5_3,-52.27289038999828
앙상블,263750,펄어비스,Adaptive_40,-52.292179399999306
투자자별,017940,017940,SmartDiv_20_10,-52.5655082499993
앙상블,293490,카카오게임즈,Adaptive_40,-52.824285209999466
앙상블,51910,LG화학,VolBreak_0.6_5,-52.88995169999823
투자자별,017860,017860,SmartDiv_20_10,-53.22441092199978
투자자별,006360,006360,TrendStr_20_100_10,-53.505475569999696
투자자별,005830,005830,SmartDiv_20_10,-54.324247999999
앙상블,373220,LG에너지솔루션,MultiFactor_334_40,-54.56597149999938
투자자별,001045,001045,RetailContra_10_90,-54.57355144399967
앙상블,293490,카카오게임즈,MultiFactor_334_40,-55.25013076999931
투자자별,007070,007070,SmartDiv_50_20,-56.0604327679996
앙상블,6400,삼성SDI,VolBreak_0.5_3,-56.08551601099813
투자자별,039570,039570,SmartDiv_50_20,-56.826747884999605
앙상블,68270,셀트리온제약,MultiFactor_532_60,-56.89336631799903
투자자별,006840,006840,RSI_7_25_F10,-57.13034476999951
앙상블,68270,셀트리온제약,MultiFactor_443_50,-57.26070509699921
앙상블,293490,카카오게임즈,VolBreak_0.4_3,-57.73405188999877
앙상블,28300,HLB,MomQuality_10_5,-57.99701566399907
투자자별,000120,000120,TrendStr_20_100_10,-58.11094469999959
투자자별,051905,051905,VolAdj_F10_V20,-58.17257199999919
투자자별,027410,027410,SmartDiv_20_10,-58.31869640699938
투자자별,007070,007070,TrendStr_20_100_10,-58.789761319999776
투자자별,037560,037560,RSI_7_25_F10,-58.85326006499943
앙상블,263750,펄어비스,MultiFactor_334_40,-59.225118999999474
투자자별,037560,037560,TrendStr_10_50_5,-59.23304601999948
앙상블,293490,카카오게임즈,MomQuality_10_5,-59.30471600999926
투자자별,027410,027410,RSI_7_25_F10,-59.35218738299959
포트폴리오,PORTFOLIO,LongShort_Top2_R10,LongShort_Top2_R10,-60.000354570999725
투자자별,037560,037560,VolAdj_F5_V15,-60.35677875999932
투자자별,001045,001045,RetailContra_5_80,-60.50492873599941
투자자별,011200,011200,RetailContra_10_90,-60.758387369999454
투자자별,011150,011150,TrendStr_20_100_10,-60.76512895999954
앙상블,6400,삼성SDI,VolBreak_0.4_3,-61.05237871799807
투자자별,007070,007070,SmartDiv_20_10,-61.291577357999415
앙상블,293490,카카오게임즈,MultiFactor_532_60,-61.45060177999944
앙상블,263750,펄어비스,Breakout_10_3,-61.90991645999932
투자자별,000210,000210,RetailContra_5_80,-62.10735880699927
투자자별,000480,000480,VolSpike_20_2x,-62.49957913999923
투자자별,051915,051915,SmartDiv_50_20,-62.79107759999937
투자자별,007070,007070,RetailContra_5_80,-62.80214729399922
포트폴리오,PORTFOLIO,LongShort_Top2_R5,LongShort_Top2_R5,-62.94771669899959
투자자별,004840,004840,TrendStr_10_50_5,-62.956149969999565
투자자별,037560,037560,RetailContra_5_80,-63.00329956499924
앙상블,251270,넷마블,VolBreak_0.4_3,-63.06147404999795
앙상블,251270,넷마블,VolBreak_0.6_5,-63.08124639999828
앙상블,251270,넷마블,Voting_4,-63.09045269999919
투자자별,000680,000680,RetailContra_10_90,-63.55390495999963
투자자별,035000,035000,RetailContra_5_80,-63.746871809999206
투자자별,037560,037560,VolAdj_F10_V20,-63.9007130649995
앙상블,68270,셀트리온제약,MultiFactor_334_40,-64.30139122099902
앙상블,68270,셀트리온제약,Adaptive_40,-64.36111537099914
앙상블,251270,넷마블,Voting_5,-65.01383234999912
투자자별,007070,007070,VolAdj_F10_V20,-65.34915966699957
투자자별,051905,051905,SmartDiv_50_20,-65.74064369999928
투자자별,011155,011155,VolSpike_10_3x,-65.79427373999961
앙상블,68270,셀트리온제약,MomQuality_10_5,-65.82508020699895
앙상블,263750,펄어비스,Voting_4,-65.88568083999915
앙상블,251270,넷마블,VolBreak_0.5_3,-66.4929712999982
투자자별,006840,006840,VolAdj_F10_V20,-66.50856287999954
앙상블,263750,펄어비스,VolBreak_0.4_3,-66.85333172999847
앙상블,251270,넷마블,Adaptive_30,-66.87854604999946
앙상블,251270,넷마블,MomQuality_20_10,-66.95245129999945
투자자별,006840,006840,SmartDiv_50_20,-67.78017705999956
투자자별,001120,001120,RetailContra_5_80,-68.93274554999931
투자자별,039570,039570,SmartDiv_20_10,-69.09626666499939
앙상블,251270,넷마블,Adaptive_40,-69.65173679999936
투자자별,011155,011155,TrendStr_10_50_5,-72.07999465999949
포트폴리오,PORTFOLIO,LongShort_Top2_R20,LongShort_Top2_R20,-72.10911264099987
앙상블,263750,펄어비스,MultiFactor_532_60,-72.25481630999943
투자자별,011155,011155,SmartDiv_50_20,-72.327022989999
앙상블,263750,펄어비스,Voting_3,-72.40881816999911
투자자별,000480,000480,RetailContra_5_80,-72.9609670399993
투자자별,000680,000680,RetailContra_5_80,-73.26502070999913
투자자별,000680,000680,SmartDiv_20_10,-74.13490481999906
투자자별,011155,011155,TrendStr_20_100_10,-74.2073952099993
투자자별,011155,011155,SmartDiv_20_10,-74.3448116699987
투자자별,000680,000680,TrendStr_10_50_5,-74.72683432499912
투자자별,003580,003580,RetailContra_10_90,-75.8735357549997
앙상블,293490,카카오게임즈,MomQuality_20_10,-77.40759031999949
투자자별,001465,001465,TrendStr_20_100_10,-77.87297144999977
앙상블,251270,넷마블,MultiFactor_334_40,-78.1007148999993
앙상블,251270,넷마블,MultiFactor_532_60,-78.21720244999935
투자자별,011155,011155,RetailContra_5_80,-79.76087481999937
투자자별,051905,051905,SmartDiv_20_10,-80.21879239999897
앙상블,251270,넷마블,MultiFactor_443_50,-80.26289704999932
투자자별,011155,011155,VolSpike_20_2x,-83.14542475999949
투자자별,027410,027410,SmartDiv_50_20,-84.38553020099975
앙상블,251270,넷마블,Voting_3,-85.63045234999917
투자자별,001465,001465,SmartDiv_20_10,-85.68499005999868
투자자별,011155,011155,RetailContra_10_90,-87.37642199999965
투자자별,001465,001465,RetailContra_5_80,-88.45073339999942
투자자별,001465,001465,SmartDiv_50_20,-89.9599133899994
