symbol,profit_factor,total_return,win_rate,mdd,num_trades,sharpe,data_start,data_end
1000000MOGUSDT,1.3279836929761393,29.301789114882304,42.10526315789473,-41.7206799023349,19,0.3179874177941051,2024-11-07,2025-12-20
1000BONKUSDT,0.8929037898500979,-23.322632398411702,26.666666666666668,-58.28410000356982,45,0.07718867301752634,2023-11-22,2025-12-20
1000CATUSDT,0.7116638111869802,-32.465972718998614,40.909090909090914,-55.10232868173417,22,-0.27269709737906206,2024-10-21,2025-12-20
1000CHEEMSUSDT,0.3766184782768818,-62.74250348712276,11.11111111111111,-66.0962457281959,27,-1.1141863880572977,2024-11-25,2025-12-20
1000FLOKIUSDT,1.1907211891841465,88.09922651082714,25.806451612903224,-56.3291667853368,62,0.4056602955400158,2023-05-06,2025-12-20
1000LUNCUSDT,1.0577669250590453,10.13920626120457,32.35294117647059,-41.8052892235989,68,0.15837005415480254,2022-09-09,2025-12-20
1000PEPEUSDT,1.3132333319065779,117.15719749314815,34.04255319148936,-46.461131250321216,47,0.5190971333519896,2023-05-05,2025-12-20
1000RATSUSDT,0.6060018193557514,-74.5246180090075,29.545454545454547,-78.10079440321337,44,-0.7518780526287376,2023-12-15,2025-12-20
1000SATSUSDT,0.8509012284976036,-23.978758065556327,32.6530612244898,-48.633395451482635,49,-0.01579911577508553,2023-12-12,2025-12-20
1000SHIBUSDT,1.199976541355611,60.81028149662775,35.22727272727273,-36.26253198016235,88,0.299005568633805,2021-11-11,2025-12-20
1000WHYUSDT,0.9287992859563852,-4.728295325184117,33.33333333333333,-26.275146076863127,24,-0.1710921438366847,2024-11-25,2025-12-20
1000XECUSDT,1.1652280897434104,48.27011194868176,41.77215189873418,-44.80193500541337,79,0.30210530208643316,2021-11-11,2025-12-20
1000XUSDT,2.4252469466426065,81.94992574133563,55.00000000000001,-27.68465478680492,20,0.8769649760164577,2024-11-13,2025-12-28
1INCHUSDT,0.8860646096494522,-32.32935936049728,34.883720930232556,-62.577009828620824,86,-0.15957375230026205,2021-11-11,2025-12-20
1MBABYDOGEUSDT,1.0105467113509479,1.1550730419229716,33.33333333333333,-44.5389605075853,27,0.1401997064435837,2024-09-16,2025-12-20
AAVEUSDT,0.9031689975826677,-35.687574995465745,31.182795698924732,-67.87262098958792,93,-0.03824992086258459,2021-11-11,2025-12-20
ACEUSDT,1.2079225444182478,51.981650656116955,43.24324324324324,-29.239159340735426,37,0.5291006859941683,2023-12-18,2025-12-20
ACHUSDT,0.8744814398037698,-27.235144570347337,34.48275862068966,-73.46893005410267,58,-0.09607650324365573,2023-02-22,2025-12-20
ACTUSDT,0.6848502220430005,-46.280010886193054,31.03448275862069,-61.910777801552676,29,-0.4583275581921352,2024-11-11,2025-12-20
ACXUSDT,4.504687466074531,159.57325245093404,73.33333333333333,-14.589103913932863,15,1.5419775517873306,2024-12-06,2025-12-20
ADAUSDT,1.1488537420119878,113.51270198433987,37.0,-62.60870065009306,100,0.3818912668616202,2021-01-01,2026-01-24
AERGOUSDT,1.0218272033808105,0.5850628386091739,54.54545454545454,-22.1616571689771,11,0.14596675657230665,2025-04-16,2025-12-20
AEROUSDT,1.0030382210562796,0.2881830661329854,42.10526315789473,-48.936718176340506,19,-0.03508542041340938,2024-12-04,2025-12-20
AEVOUSDT,1.4871142877033716,115.21006281904027,48.38709677419355,-47.65705667799571,31,0.6501605998805899,2024-03-13,2025-12-20
AGIXUSDT,1.405099534069011,46.64920154120891,25.0,-49.93592821657456,28,0.3271581116485227,2023-02-16,2025-12-28
AGLDUSDT,1.0793070678429275,11.905138796451764,40.0,-31.861791788557632,50,0.20106708865224437,2023-07-29,2025-12-20
AGTUSDT,0.6334137112665259,-21.526769478361153,40.0,-44.55534060720026,10,-0.4663521312028031,2025-05-20,2025-12-20
AI16ZUSDT,0.9853557679547099,-1.898433195796534,50.0,-31.117922769472706,18,0.3020719963922414,2025-01-02,2025-12-28
AIOTUSDT,2.047353341834569,102.65078687720046,33.33333333333333,-40.46338717428698,12,0.6559104570561489,2025-04-30,2025-12-20
AIUSDT,1.058023218340738,8.21182187660976,34.146341463414636,-50.87600878710214,41,0.03913575880948676,2024-01-08,2025-12-20
AIXBTUSDT,1.722811362412147,40.68758620738166,53.333333333333336,-24.821191848551507,15,0.17437879010649815,2024-12-20,2025-12-20
AKTUSDT,2.93736477819188,86.19294929224084,55.00000000000001,-15.811766429203688,20,0.9071787088213916,2024-11-18,2025-12-20
ALCHUSDT,0.02931531289310281,-92.05303095196037,14.285714285714285,-92.03810388886144,28,-2.48982574686373,2025-01-07,2025-12-20
ALGOUSDT,1.0604196978445137,21.714737820169837,35.84905660377358,-52.768523260751365,106,0.22350025192539094,2021-01-01,2026-01-24
ALICEUSDT,0.9148717081718292,-33.143872280521556,37.80487804878049,-71.53743441036808,82,-0.0038699118689186707,2021-11-11,2025-12-20
ALPACAUSDT,1.165515398123967,7.962394315982646,28.57142857142857,-43.099496737125726,14,0.2749949802893628,2024-08-22,2025-12-28
ALPHAUSDT,0.8256631057012822,-59.33769129279518,29.67032967032967,-61.14090198431068,91,-0.028489875351924196,2021-01-01,2025-12-28
ALPINEUSDT,1.5902131899566632,16.12191824508713,30.0,-15.789377058278353,10,0.076403813532673,2025-05-06,2025-12-20
ALTUSDT,0.8360540697686223,-33.781058958166476,37.142857142857146,-68.58023543887784,35,-0.001830684880159409,2024-01-25,2025-12-20
AMBUSDT,0.7228564897067534,-37.094273712838444,31.57894736842105,-71.48709145049916,38,-0.5561020189300374,2023-03-30,2025-12-28
ANIMEUSDT,1.2146296409818786,17.670172290059316,52.94117647058824,-28.858064266888906,17,0.5011681558930342,2025-01-23,2025-12-20
ANKRUSDT,1.0051966900533902,1.0787269482970707,34.5679012345679,-41.423368866690225,81,0.0927069161761809,2021-11-11,2025-12-20
APEUSDT,1.1352964604567974,41.15644566345704,36.986301369863014,-43.78387311567322,73,0.18764283138837573,2022-03-17,2025-12-20
API3USDT,1.0839528881420657,30.29654606414929,38.35616438356164,-51.046802858972285,73,0.22211383719498903,2022-02-22,2025-12-20
APTUSDT,0.9186944176856192,-17.072081894486203,29.230769230769234,-57.94508799953433,65,-0.16593101404597232,2022-10-19,2025-12-20
ARBUSDT,1.0469175932936268,10.624279678518423,37.5,-51.31190435546967,56,0.21276043204526565,2023-03-23,2025-12-20
ARCUSDT,1.3495719027038153,45.38756183680519,37.5,-25.559677830244166,16,0.6958242308794063,2025-01-17,2025-12-20
ARKMUSDT,1.3809209353410037,126.56989370983602,35.294117647058826,-51.63550223201538,51,0.4164714772084459,2023-07-28,2025-12-20
ARKUSDT,0.5500475979170014,-69.03419557309473,26.785714285714285,-81.32068246097893,56,-0.7491872478949106,2023-09-19,2025-12-20
ARPAUSDT,0.7798641187208251,-61.39659631476171,31.46067415730337,-82.73104018281624,89,-0.3775233701740975,2021-11-11,2025-12-20
ARUSDT,1.3166059984640632,124.93319340061558,40.476190476190474,-60.600803011620386,84,0.3959583573864669,2021-11-11,2025-12-20
ASRUSDT,3.208736276196046,107.89522650668783,41.66666666666667,-11.946311676221212,12,1.0311053631334992,2025-05-06,2025-12-20
ASTRUSDT,1.1021670737836637,19.901110367751595,36.0655737704918,-39.17340952959475,61,0.19988913737396943,2023-02-14,2025-12-20
ATAUSDT,0.8232986963032768,-36.50698205545776,41.55844155844156,-76.14939689084713,77,-0.06154631589093612,2021-11-11,2025-12-20
ATHUSDT,1.3258528092135762,14.544758443603278,28.57142857142857,-30.52554919332755,14,-0.6135119751418074,2025-04-02,2025-12-20
ATOMUSDT,0.6111837039573725,-72.92932258140958,27.358490566037734,-82.93953870286607,106,-0.3301037146522887,2021-01-01,2026-01-24
AUCTIONUSDT,0.4824043177231267,-67.72535412522512,32.6530612244898,-72.85151793813705,49,-1.004078866020741,2023-12-15,2025-12-20
AVAAIUSDT,0.8441145669487367,-17.007893871690726,45.0,-36.97058305072733,20,0.024154446207436234,2025-01-17,2025-12-20
AVAUSDT,0.7000761722778336,-22.612980423480302,36.0,-46.80043703463228,25,-0.5385128954473004,2024-12-13,2025-12-20
AVAXUSDT,1.1475609083974405,76.32276784595136,39.130434782608695,-47.098174255885425,92,0.33788297178884547,2021-01-01,2026-01-24
AWEUSDT,0.7423388300475626,-8.218306511502815,30.0,-20.78720946886918,10,-0.30596970917341265,2025-05-21,2025-12-20
AXLUSDT,0.9683117608832089,-3.7816612162796415,44.11764705882353,-59.76161564122027,34,0.03110089136217094,2024-03-01,2025-12-20
AXSUSDT,0.975605032784956,-6.809686149475014,32.18390804597701,-55.231251122162675,87,0.08292081153396037,2021-11-11,2025-12-20
B2USDT,0.6827275426042118,-13.107642125744167,27.27272727272727,-29.02242965947151,11,-0.6477967352248227,2025-05-06,2025-12-20
B3USDT,1.0323797451588161,2.939691814171197,31.25,-43.78777284829044,16,-0.2840069465346078,2025-02-13,2025-12-20
BABYUSDT,0.9780346314982498,-1.1326952453247996,33.33333333333333,-40.61888159493576,12,-0.3362597417817495,2025-04-05,2025-12-20
BADGERUSDT,0.6471157189772588,-32.79737250095742,22.22222222222222,-56.6057218584902,27,-0.9938950200328655,2023-11-09,2025-12-28
BAKEUSDT,0.7837647587351111,-97.71763435544351,29.7029702970297,-98.84836362996053,101,-0.24911690323640165,2021-05-19,2025-12-28
BALUSDT,1.0239020377849721,6.176345015511586,33.75,-42.85822672128521,80,0.04911893566640339,2021-01-01,2025-12-28
BANANAS31USDT,0.5105578556589394,-52.90576878481586,23.52941176470588,-59.70128156272324,17,-0.7653308071051613,2025-03-22,2025-12-20
BANANAUSDT,2.009082913290952,80.3340792129367,54.54545454545454,-31.879145087623172,22,0.7552944513662816,2024-08-15,2025-12-20
BANDUSDT,0.6577825006528096,-73.24007105038729,36.7816091954023,-85.85833177587241,87,-0.39709078281710014,2021-11-11,2025-12-20
BANKUSDT,2.5319940614634806,49.96667650142847,50.0,-17.96675785242909,10,0.7393834723985596,2025-04-18,2025-12-20
BANUSDT,0.03961845776686338,-95.87634998490947,12.0,-95.87634998490947,25,-2.0659391774091977,2024-11-18,2025-12-20
BATUSDT,0.7621611195896544,-65.70125631449586,29.292929292929294,-78.13473600336633,99,-0.39870984143795873,2021-11-11,2025-12-20
BBUSDT,0.7947052273342278,-30.64478675264679,32.35294117647059,-55.82228157206936,34,-0.2988763140059077,2024-05-13,2025-12-20
BCHUSDT,0.9882155088522345,-3.7948069483944358,35.55555555555556,-58.248371104523486,90,0.12804775228239018,2021-11-11,2025-12-20
BDXNUSDT,0.4178909806179771,-28.594763218911034,25.0,-43.33468802994901,12,-2.605056893317789,2025-06-03,2025-12-20
BEAMXUSDT,1.2050406655507149,31.890218269933214,35.0,-43.46983285847784,40,0.33592998426414605,2023-11-17,2025-12-20
BELUSDT,0.6847859544715165,-72.22236229201307,31.645569620253166,-85.95452162533469,79,-0.4376223017818397,2021-11-11,2025-12-20
BERAUSDT,2.756488537860324,105.27172152738737,50.0,-21.656022086521865,14,0.8061590885411141,2025-02-06,2025-12-20
BICOUSDT,1.1201094571688597,36.71485405981998,35.55555555555556,-62.92200522369803,45,0.2904663975122951,2023-09-28,2025-12-20
BIDUSDT,0.12489362776597072,-63.30917653865809,25.0,-71.24582003083951,12,-2.2036705785140858,2025-03-20,2025-12-20
BIGTIMEUSDT,0.5378009411569692,-64.00952070591282,31.914893617021278,-75.90569020948395,47,-0.5539702061599197,2023-10-12,2025-12-20
BIOUSDT,1.076691026482386,9.023701391927453,58.82352941176471,-57.95249811270992,17,0.011981105688765977,2025-01-03,2025-12-20
BLURUSDT,0.9896821138145601,-1.66315055487537,35.59322033898305,-57.211073815123584,59,0.06450484607353942,2023-04-28,2025-12-20
BLZUSDT,0.7800110107643197,-50.52351046507199,31.25,-84.75399893071193,96,-0.1181152987648796,2021-01-01,2025-12-28
BMTUSDT,1.7328502797402638,31.07457723659419,54.54545454545454,-28.865895267072094,11,0.2691023907321017,2025-03-17,2025-12-20
BNBUSDT,1.262105482088032,126.98749624523775,33.00970873786408,-41.213947421036885,103,0.4418690134153223,2021-01-01,2026-01-24
BNTUSDT,0.47397506833810593,-52.782644474979236,28.57142857142857,-59.472201347206955,49,-0.8684542223175632,2023-08-10,2025-12-20
BNXUSDT,0.5820684123602696,-57.01751595263882,31.914893617021278,-77.44713385919381,47,-0.8831126945227735,2023-02-22,2025-12-28
BOMEUSDT,1.4423117277510717,55.640380226109464,45.94594594594595,-37.74040624067409,37,0.5329331897000552,2024-03-16,2025-12-20
BONDUSDT,0.3147846324599923,-69.44980635003235,19.35483870967742,-75.47939937409707,31,-1.4462573585758884,2023-10-15,2025-12-28
BRETTUSDT,0.9405613444391945,-9.691385474644864,44.0,-43.1265607314327,25,0.11355154582368004,2024-08-20,2025-12-20
BROCCOLIF3BUSDT,0.5408935826358781,-35.11634240441238,18.181818181818183,-57.48102039254673,11,-1.5005849103814313,2025-03-21,2025-12-20
BSVUSDT,0.5549502383364469,-48.49496146411874,25.49019607843137,-57.01089642827035,51,-0.7419828889670388,2023-10-20,2025-12-20
BSWUSDT,0.9364787309351262,-7.442328106054119,40.0,-34.96858230160457,15,0.16069561028177093,2024-09-05,2025-12-28
BTCDOMUSDT,1.6215324810655884,66.31331941318433,40.78947368421053,-19.27991565199908,76,0.5998680752169672,2021-11-11,2025-12-20
BTCUSDT,1.0656446447128882,12.744786450752077,25.925925925925924,-47.674139930180345,108,0.17959791536360964,2021-01-01,2026-01-24
C98USDT,0.8908258151972201,-27.878777782411156,31.11111111111111,-62.95179102666607,90,0.029382430982044426,2021-11-11,2025-12-20
CAKEUSDT,1.1131205670655453,20.562439307959735,34.146341463414636,-43.84304961464357,41,0.2099515784319796,2023-11-02,2025-12-20
CATIUSDT,0.6743268781198812,-49.593112514394925,26.47058823529412,-67.29952824048303,34,-0.6434481398470805,2024-09-20,2025-12-20
CELOUSDT,1.233798121758061,91.42192753230212,37.93103448275862,-41.99011836557497,87,0.3947279648392591,2021-11-11,2025-12-20
CELRUSDT,0.8390747265522042,-54.65376070342827,33.69565217391305,-75.08449501708512,92,-0.1802418406839694,2021-11-11,2025-12-20
CETUSUSDT,1.7214442778164045,57.08266155208297,40.0,-26.266339863718326,20,0.6603112358124121,2024-11-06,2025-12-20
CFXUSDT,0.7671376271862131,-41.56854274347974,31.746031746031743,-54.241270932487396,63,-0.11751489704385136,2023-02-20,2025-12-20
CGPTUSDT,2.343000030088034,81.85865283700444,61.111111111111114,-28.4580413927052,18,1.023008113962706,2024-12-20,2025-12-20
CHESSUSDT,0.41637619032414286,-56.84088289082057,23.52941176470588,-67.67392163251229,34,-0.9792742647650794,2024-08-29,2025-12-20
CHILLGUYUSDT,1.4703404571914551,58.11029633627929,50.0,-38.4964245930026,18,0.6840297325406873,2024-11-27,2025-12-20
CHRUSDT,0.9026626196784339,-36.15657651572191,36.470588235294116,-70.31238219861791,85,-0.10139772589644139,2021-11-11,2025-12-20
CHZUSDT,1.04372121217761,16.82384059020132,31.3953488372093,-43.704837277475654,86,0.23152229640134872,2021-11-11,2025-12-20
CKBUSDT,1.311422254256567,147.5242829308202,38.333333333333336,-48.750067346354044,60,0.4200465740628697,2023-02-28,2025-12-20
COMBOUSDT,0.7616228878861474,-29.027510117486,35.13513513513514,-64.95169575650445,37,-0.6617761072870167,2023-06-02,2025-12-28
COMPUSDT,0.8824498204042784,-34.20516451315693,28.57142857142857,-68.22525309493932,91,-0.07446310736413181,2021-11-11,2025-12-20
COOKIEUSDT,0.8941643259996097,-9.353942743613075,42.10526315789473,-40.90909991977982,19,-0.05488136387475445,2025-01-07,2025-12-20
COSUSDT,1.1257711559288346,8.621274682451041,41.66666666666667,-31.377000243758285,24,-0.05372431032314893,2024-09-30,2025-12-20
COTIUSDT,1.1331605384702728,53.634937341332844,37.2093023255814,-50.78923987618317,86,0.25273115048383954,2021-11-11,2025-12-20
COWUSDT,0.577185278895214,-37.927596092089644,45.45454545454545,-45.50244064838574,22,-0.5991066190497029,2024-11-06,2025-12-20
CRVUSDT,0.8774650805902995,-32.28736232491723,31.32530120481928,-55.868462053422505,83,0.02921034216011631,2021-11-11,2025-12-20
CTKUSDT,0.4379425931886756,-25.317726910220493,28.57142857142857,-34.44455292014318,14,-1.2223160811406664,2025-04-30,2025-12-20
CTSIUSDT,0.8140478897917396,-60.59594933734061,32.94117647058823,-84.0011465010835,85,-0.28456866904336786,2021-11-11,2025-12-20
CVCUSDT,0.9715924241549138,-0.922228128328717,38.46153846153847,-21.72036059789827,13,-0.24179726270483853,2025-05-16,2025-12-20
CVXUSDT,0.7178642192243393,-10.391105791602161,30.0,-21.332657671485485,10,-0.2605152291308847,2025-07-23,2025-12-20
CYBERUSDT,1.273999406291141,54.75539537054453,40.0,-49.54052981420078,45,0.420876613107547,2023-08-21,2025-12-20
DARUSDT,0.7245612799448605,-76.77925004525711,29.310344827586203,-84.80565487852242,58,-0.39383334580281193,2022-04-29,2025-12-28
DASHUSDT,0.9369855859831644,-14.229256200378126,31.182795698924732,-63.62543679538799,93,0.09041615155162756,2021-11-11,2025-12-20
DEFIUSDT,0.7848910280958786,-48.56953413548241,33.663366336633665,-55.035977301774395,101,-0.1419591488225645,2021-01-01,2025-12-28
DEGENUSDT,1.7809810612095542,78.11297744575856,61.111111111111114,-17.963676291326138,18,0.8445010915868727,2024-11-15,2025-12-20
DEGOUSDT,0.21042329431792553,-96.55342146893263,33.33333333333333,-97.98212146969017,21,-0.7069611675009213,2024-12-13,2025-12-20
DENTUSDT,1.0240522277596007,7.391372720533185,37.2093023255814,-62.928076212673346,86,0.11806994219239203,2021-11-11,2025-12-20
DEXEUSDT,0.5443861477606877,-29.405822556554007,27.27272727272727,-55.259068414447654,22,-1.2367868980041745,2024-12-24,2025-12-20
DFUSDT,1.4226590988479362,25.063638894225736,38.88888888888889,-35.12041857263592,18,0.17811820459873529,2024-12-30,2025-12-20
DGBUSDT,1.2839657563753413,72.14842637316978,33.84615384615385,-58.18018434426185,65,0.27594297629429343,2021-04-21,2025-12-28
DIAUSDT,0.8401718327302121,-11.423782269246107,35.0,-39.62655642320313,20,-0.424203414314012,2024-10-02,2025-12-20
DODOXUSDT,0.7396769177640348,-56.30834207957777,28.846153846153843,-76.92314229665436,52,-0.4465246855944216,2023-08-08,2025-12-20
DOGEUSDT,1.596575741299402,863.6928741001541,34.31372549019608,-45.28126944342177,102,0.4444417836059272,2021-01-01,2026-01-24
DOGSUSDT,0.8187916644233162,-26.572955448545542,32.25806451612903,-44.6430457375282,31,-0.08944319175607224,2024-08-26,2025-12-20
DOLOUSDT,1.8841738364367715,79.00683607171246,36.36363636363637,-38.902953934456455,11,0.7107960672816926,2025-05-01,2025-12-20
DOTUSDT,0.9818060802267462,-5.919808315976605,37.38317757009346,-47.89944476558016,107,0.1104414486147954,2021-01-01,2026-01-24
DRIFTUSDT,0.8219524014959056,-15.627284069000268,28.000000000000004,-42.018497634216736,25,-0.3143261306883163,2024-11-08,2025-12-20
DUSDT,3.126349375238521,87.89332463898212,50.0,-9.134854044334219,18,1.0785081319622345,2025-01-09,2025-12-20
DUSKUSDT,0.770240110869925,-69.03262291667936,31.3953488372093,-83.70532781643556,86,-0.24194605633448177,2022-01-07,2025-12-20
DYDXUSDT,0.7873795482127829,-57.02037866735405,33.33333333333333,-83.87787971338678,90,-0.2473220274684821,2021-11-11,2025-12-20
DYMUSDT,0.9856435901604258,-5.596561359820862,43.24324324324324,-71.24209584887409,37,0.2758598065997737,2024-02-07,2025-12-20
EDUUSDT,0.5670121283931657,-70.57609937346318,28.57142857142857,-72.3457580577145,56,-0.5377025662781563,2023-04-30,2025-12-20
EGLDUSDT,1.017410497278653,4.9616883732843675,38.75,-44.148642763600435,80,0.1413994605602841,2021-11-11,2025-12-20
EIGENUSDT,0.7571299648860099,-26.947196793575156,34.78260869565217,-64.88684000197172,23,-0.40216107787072686,2024-10-01,2025-12-20
ENAUSDT,0.6652638334563782,-53.45526999732194,26.82926829268293,-66.25736134761148,41,-0.6848045755670947,2024-04-02,2025-12-20
ENJUSDT,1.2531847626834345,87.42978520761993,36.58536585365854,-41.013901066395704,82,0.39488040973371447,2021-11-11,2025-12-20
ENSUSDT,0.7748901048350386,-65.99022940544265,30.18867924528302,-81.96929045181123,106,-0.29218102968121035,2021-11-30,2025-12-20
EPICUSDT,0.7207429860929624,-19.667772216249414,25.0,-30.738930553322692,12,-0.2297935641632362,2025-03-13,2025-12-20
EPTUSDT,2.2743538654160327,49.00519422606229,36.36363636363637,-28.810140958161906,11,0.30201529545864475,2025-04-21,2025-12-20
ETCUSDT,1.1008642285426387,122.74671093600804,36.633663366336634,-66.22507616037485,101,0.37085487386076,2021-01-01,2026-01-24
ETHFIUSDT,0.5359820139736872,-75.45630334505533,27.27272727272727,-80.69009702838929,44,-0.9650775386326674,2024-03-18,2025-12-20
ETHUSDT,1.0265827326884966,9.907109712702923,31.775700934579437,-48.98390954516827,107,0.17766550505710202,2021-01-01,2026-01-24
ETHWUSDT,0.792512626483009,-26.824479296294935,35.55555555555556,-55.29731081530137,45,-0.09859460842082189,2023-11-28,2025-12-20
FARTCOINUSDT,0.5773889235936146,-42.394959889566074,28.57142857142857,-66.33652454108305,21,-0.7428379390072519,2024-12-20,2025-12-20
FETUSDT,1.4741207511153314,145.04152580674278,35.59322033898305,-46.41418311514867,59,0.44129687341237217,2023-01-17,2025-12-20
FHEUSDT,0.1522860142438966,-62.10144398560151,14.285714285714285,-72.17636989010734,14,-0.9483264806620206,2025-04-12,2025-12-20
FIDAUSDT,2.698307170894072,88.37364920635761,57.14285714285714,-11.400212282274905,21,1.0659324771914822,2024-09-19,2025-12-20
FILUSDT,1.0084762093134447,3.881347902200827,35.294117647058826,-68.22738189994347,85,0.1217189956750764,2021-11-11,2025-12-20
FIOUSDT,0.40806764180762106,-62.01953236346931,30.0,-65.90097468938427,30,-1.1462135107462093,2024-09-20,2025-12-20
FISUSDT,1.3055290525180998,11.540026169660367,33.33333333333333,-36.67160160549016,12,-0.8059810734589862,2025-04-25,2025-12-28
FLMUSDT,0.7374632062996488,-78.3229306237109,35.45454545454545,-89.5082544394742,110,-0.4066002004719072,2021-01-01,2025-12-28
FLOWUSDT,1.1479798619736121,70.16436458218216,33.33333333333333,-54.84923939682308,78,0.3134952368620791,2022-02-10,2025-12-20
FLUXUSDT,0.9992442544583571,-0.04931925835306439,29.629629629629626,-34.07958717564534,27,0.07305200136849245,2024-09-03,2025-12-20
FORMUSDT,1.316106714213184,15.05540837285244,36.36363636363637,-33.63196496592524,11,0.47968657030653117,2025-03-19,2025-12-20
FORTHUSDT,1.8190950061292193,14.174862588867843,57.14285714285714,-14.59112687745554,14,0.4563903500274519,2025-04-08,2025-12-20
FTMUSDT,1.2573520452873654,480.599946935163,34.5679012345679,-59.80431181250321,81,0.5696433842648727,2021-01-01,2026-01-24
FTTUSDT,2.0718802331726787,30.725530863269945,25.0,-24.162076031425467,12,-0.7508578807351861,2022-04-15,2025-12-28
FUNUSDT,2.861671784399433,74.60963221638737,28.57142857142857,-17.579822760133993,14,0.8542454171029824,2025-03-31,2025-12-20
FXSUSDT,0.7515384774980942,-46.48999818771489,31.03448275862069,-75.70595469339798,58,-0.47223923058866885,2023-01-20,2025-12-20
GALAUSDT,1.2662967266476761,168.3480539505553,33.734939759036145,-55.12586042275386,83,0.5017596396660848,2021-11-11,2025-12-20
GASUSDT,0.8059962370327256,-17.609158064702335,34.04255319148936,-38.49119467056487,47,-0.3027444122919829,2023-10-25,2025-12-20
GHSTUSDT,1.5781995908338755,35.09572185386845,36.0,-39.463012981496775,25,0.31330409088320066,2024-09-23,2025-12-20
GLMRUSDT,1.639186688580282,34.662121933456326,33.33333333333333,-15.82857871557283,12,0.35527373725425193,2023-09-26,2025-12-28
GLMUSDT,0.44407758109965323,-58.79113993417611,35.0,-61.68851553367687,40,-1.1729825214739287,2024-02-22,2025-12-20
GMTUSDT,1.13818412715599,38.13723080922151,37.333333333333336,-48.604309065657105,75,0.2996187824249731,2022-03-15,2025-12-20
GMXUSDT,0.7959957254701716,-46.23849847291709,37.03703703703704,-71.33198228650812,54,-0.276809127782794,2023-02-17,2025-12-20
GOATUSDT,1.2406054030457088,23.50366204106875,52.38095238095239,-48.67808739889053,21,0.36259125679554827,2024-10-24,2025-12-20
GPSUSDT,0.9348247863686036,-4.770115762943572,46.15384615384615,-47.74435652759127,13,0.0018356335038887267,2025-02-17,2025-12-20
GRASSUSDT,0.8185715683717747,-23.05649477116516,32.0,-43.07185592280439,25,-0.017563347674476086,2024-11-08,2025-12-20
GRIFFAINUSDT,1.9198693587757616,111.8102475628182,52.63157894736842,-37.01487716370883,19,1.0721137076122742,2025-01-02,2025-12-20
GRTUSDT,1.504434294346269,231.2382488400254,43.75,-42.61318583786858,80,0.4863544459924053,2021-11-11,2025-12-20
GTCUSDT,0.8355251018637438,-45.02805367501552,36.17021276595745,-69.30881646725558,94,-0.05215632284331531,2021-11-11,2025-12-20
GUSDT,1.2262393405578682,19.310321171533175,48.275862068965516,-24.86935338279066,29,0.28794741384473577,2024-08-15,2025-12-20
HAEDALUSDT,0.6689067789849757,-15.272282130055059,33.33333333333333,-41.425202864419894,12,-2.072090246029194,2025-05-01,2025-12-20
HBARUSDT,1.1044896152621788,57.52052456832018,28.40909090909091,-70.48369716875207,88,0.30000425209539766,2021-11-11,2025-12-20
HEIUSDT,1.2608108106013136,13.28071271840714,35.294117647058826,-22.744550064092632,17,0.1335903164485135,2025-02-13,2025-12-20
HFTUSDT,0.7827654244051181,-32.35339658385836,37.5,-63.14731689353679,56,-0.16722633425118155,2023-04-06,2025-12-20
HIFIUSDT,1.0168921924546943,1.877434858049054,28.888888888888886,-59.35599441365436,45,0.07916366597192256,2023-09-16,2025-12-28
HIGHUSDT,1.521513172807168,127.1900480159374,47.27272727272727,-27.33255867861327,55,0.6324363450814132,2023-02-07,2025-12-20
HIPPOUSDT,1.4135457814218524,31.16089016474286,46.666666666666664,-32.71213696519985,15,0.3898364009850628,2024-11-13,2025-12-20
HIVEUSDT,2.0387373276621186,45.37649412333493,58.82352941176471,-18.180386594594037,17,0.7860126420908299,2024-12-23,2025-12-20
HMSTRUSDT,1.2283749610508403,17.324097666806914,26.08695652173913,-41.444326724831484,23,0.39058650833181047,2024-09-26,2025-12-20
HOOKUSDT,0.9570899210355424,-8.818909074208037,33.84615384615385,-49.89154742605743,65,-0.0639865281550433,2023-01-23,2025-12-20
HOTUSDT,1.3698896065496187,213.92764134201582,36.708860759493675,-42.430269707631965,79,0.604827341563336,2021-11-11,2025-12-20
HUMAUSDT,0.6573132527544413,-19.247414263947615,25.0,-31.05466007768751,12,-0.4601469949465054,2025-05-26,2025-12-20
HYPERUSDT,1.021454420157184,0.917892274184573,41.66666666666667,-17.16826407124535,12,0.09312636999251707,2025-04-22,2025-12-20
HYPEUSDT,1.5234513954574145,10.319152452458313,54.54545454545454,-8.807682090835758,11,-0.29510818957292173,2025-05-30,2025-12-20
ICPUSDT,1.1324586740116243,34.254253183380555,34.78260869565217,-51.2624874620466,69,0.18374646327555136,2022-09-27,2025-12-20
ICXUSDT,0.9031268467988702,-33.24708912980567,30.76923076923077,-75.80390170389748,91,-0.0925595198441608,2021-11-11,2025-12-20
IDEXUSDT,0.5281445660532128,-22.627384654045677,26.31578947368421,-23.860376893846315,19,-0.47775970088044006,2023-05-03,2025-12-28
IDUSDT,0.9162934853413437,-15.75299829591772,30.64516129032258,-58.24925834286506,62,0.04513545478017813,2023-03-23,2025-12-20
ILVUSDT,0.8155699890440476,-31.834895904793427,42.857142857142854,-60.84515823152484,42,-0.16910198996204287,2023-11-10,2025-12-20
IMXUSDT,1.1214096520152284,44.57528252589273,31.645569620253166,-52.367028348013676,79,0.2063168459336541,2022-02-11,2025-12-20
INITUSDT,0.9455674988147316,-2.9021131872217887,33.33333333333333,-39.85833958218722,12,0.0035012251521793305,2025-04-16,2025-12-20
INJUSDT,1.1183379927609505,48.74925064246904,31.25,-67.44475154189453,80,0.33887013583039854,2022-08-17,2025-12-20
IOSTUSDT,0.94099665755781,-16.312577662527417,29.347826086956523,-64.92416817207881,92,-0.028096576731540944,2021-11-11,2025-12-20
IOTAUSDT,1.108753544333362,44.511338498330886,40.243902439024396,-57.46251613627983,82,0.3068733684522072,2021-11-11,2025-12-20
IOTXUSDT,0.8698783779871406,-37.11502729146366,29.545454545454547,-61.55234647523532,88,-0.14653552378510365,2021-11-11,2025-12-20
IOUSDT,1.3609750592274497,36.8162578896003,39.285714285714285,-42.29784768222187,28,0.20215157421730198,2024-06-11,2025-12-20
IPUSDT,2.4821646045484465,59.07786686926955,36.36363636363637,-19.447603504092807,11,0.4108015156328813,2025-02-13,2025-12-20
JASMYUSDT,1.5246054467722898,426.5901662971408,36.231884057971016,-52.02139579951697,69,0.5676156323140706,2022-04-20,2025-12-20
JELLYJELLYUSDT,0.2419462298975,-74.08328983143548,21.052631578947366,-82.93685807328337,19,-1.9764867977114666,2025-03-26,2025-12-20
JOEUSDT,0.7732921508631551,-41.53916566349238,36.76470588235294,-65.16112065930572,68,-0.29522964829040776,2023-03-29,2025-12-20
JSTUSDT,0.42313142534840487,-11.592278536068024,38.46153846153847,-13.17293456682881,13,-1.2415285684334485,2025-04-28,2025-12-20
JTOUSDT,0.39104239367760124,-62.28457800711649,24.444444444444443,-79.45492813431648,45,-1.5216333630087053,2023-12-08,2025-12-20
JUPUSDT,0.6076306680385151,-49.09536336650754,30.952380952380953,-76.40705965362072,42,-0.5881481718485648,2024-01-31,2025-12-20
KAIAUSDT,1.5409571100170105,32.680090499959014,39.130434782608695,-34.12391386330327,23,0.41222206594427935,2024-12-04,2025-12-20
KAITOUSDT,0.42811621749876433,-43.880154739178145,35.714285714285715,-66.88366875319895,14,-1.56753022499442,2025-02-20,2025-12-20
KASUSDT,0.5176156715547502,-45.58156320304659,35.41666666666667,-66.96602763655066,48,-0.7011980695738244,2023-11-17,2025-12-20
KAVAUSDT,0.9957326641625914,-0.9979917258963744,35.714285714285715,-49.15178448194343,84,0.02501983245557552,2021-11-11,2025-12-20
KDAUSDT,1.726151582982314,48.886042428804565,45.0,-33.606092450246635,20,-0.13607866905800475,2024-09-18,2025-12-28
KERNELUSDT,0.5649873326753236,-30.644880461344858,23.076923076923077,-60.755966469293135,13,-0.8245940724767927,2025-04-14,2025-12-20
KEYUSDT,0.4480014811004583,-47.256851236067064,27.77777777777778,-55.339297433280066,36,-0.9271285266928996,2023-05-24,2025-12-28
KLAYUSDT,1.5424247302500684,111.18273615897922,41.37931034482759,-29.696977975399,58,0.5310052310912496,2021-10-12,2025-12-28
KMNOUSDT,1.821378351608599,33.0138987671706,43.75,-22.42858175364641,16,0.5276741188830454,2024-12-20,2025-12-20
KNCUSDT,0.8035421732267666,-50.32526828195072,28.888888888888886,-63.05813359955004,90,-0.20976217246979006,2021-11-11,2025-12-20
KOMAUSDT,0.7398661348997991,-28.42549248029106,38.095238095238095,-65.16777306001713,21,-0.7397357180954222,2024-12-10,2025-12-20
KSMUSDT,1.103034116761113,42.84471066260902,34.44444444444444,-52.43276992000684,90,0.2276673622443902,2021-11-11,2025-12-20
LAUSDT,0.4444635970480398,-17.30013235208966,40.0,-26.91290168476943,10,-2.106878177970748,2025-06-05,2025-12-20
LAYERUSDT,2.1337540971772984,71.4141301165101,63.63636363636363,-23.120958646862697,11,0.8488750262577778,2025-02-11,2025-12-20
LDOUSDT,0.4681643015909204,-87.89901200458218,25.0,-90.53941366362578,80,-1.1314452412171796,2022-09-22,2025-12-20
LEVERUSDT,0.19106802871261763,-95.87701924511343,15.873015873015872,-95.86927335776055,63,-1.2276636264175156,2023-03-30,2025-12-28
LINAUSDT,0.895111377607087,-50.413089504282574,27.956989247311824,-88.69443532414031,93,-0.0112550342310306,2021-03-19,2025-12-28
LINKUSDT,0.7965302738118362,-54.1185233994731,25.892857142857146,-55.52301906628227,112,-0.10392638899788677,2021-01-01,2026-01-24
LISTAUSDT,0.6994163299086451,-38.29083420427857,31.25,-62.98514874704526,32,-0.6990456762913129,2024-06-20,2025-12-20
LOKAUSDT,0.6203719920187659,-30.747455454138596,27.77777777777778,-30.74745545413859,18,-0.3751160684471881,2024-09-24,2025-12-28
LOOMUSDT,1.5793528209669483,25.760077839483152,42.857142857142854,-12.147253786675073,21,0.41155938408953024,2023-10-11,2025-12-28
LPTUSDT,0.810665844728647,-73.12052430126303,30.434782608695656,-87.53606164390808,92,-0.24073747054869324,2021-11-11,2025-12-20
LQTYUSDT,0.6256004261754153,-75.95168104193627,25.862068965517242,-84.62490358823659,58,-0.5794187937840346,2023-03-10,2025-12-20
LRCUSDT,0.9033902789351644,-30.361481229822964,36.470588235294116,-58.07550063595387,85,-0.004752228016917559,2021-11-11,2025-12-20
LSKUSDT,1.2228486442086246,17.11900492162337,44.11764705882353,-44.914694670978214,34,0.31153464330657576,2024-01-25,2025-12-20
LTCUSDT,0.7626354772844336,-68.41989834237418,29.03225806451613,-82.96016937280183,124,-0.5280048601874219,2021-01-01,2026-01-24
LUMIAUSDT,1.4790988489662409,49.5214526643541,40.0,-34.45420107979683,20,0.5152221472496674,2024-12-18,2025-12-20
LUNA2USDT,1.3787689099542508,85.7054584437835,41.269841269841265,-42.663354169988786,63,0.45993354630861466,2022-09-10,2025-12-20
MAGICUSDT,0.8972320089532192,-21.84043101637082,37.5,-55.80862839438474,56,0.0415762126783136,2023-01-25,2025-12-20
MANAUSDT,1.2568621117187122,82.95530230904107,42.66666666666667,-38.92871791272862,75,0.32548007987011973,2021-11-11,2025-12-20
MANTAUSDT,1.2759901358038277,55.207905270569356,51.42857142857142,-43.26927547473016,35,0.37029944935726256,2024-01-18,2025-12-20
MASKUSDT,0.9144444854882079,-29.507735247191746,27.586206896551722,-77.33630372726394,87,0.03087140511853176,2021-11-11,2025-12-20
MAVIAUSDT,1.0720779650199337,4.016923956781149,63.63636363636363,-40.37599241430031,11,0.2681470307710694,2025-03-26,2025-12-20
MAVUSDT,0.7007545206362251,-53.8100637882505,38.18181818181819,-65.44947539389615,55,-0.27600336083963556,2023-06-29,2025-12-20
MBOXUSDT,0.9692309271021173,-3.137850251709895,34.61538461538461,-38.9250080138619,26,-0.04152064954514969,2024-08-28,2025-12-20
MDTUSDT,1.2274157736362312,15.068837519655599,31.25,-23.50882410055405,16,0.23961404848055218,2023-06-30,2025-12-28
MELANIAUSDT,2.118383314915804,69.704357271275,52.63157894736842,-12.808282320768228,19,0.9718088584292016,2025-01-20,2025-12-20
MEMEUSDT,1.2067957149666109,37.28229137875046,40.476190476190474,-41.26420269494934,42,0.3004945282715137,2023-11-03,2025-12-20
MERLUSDT,0.5297169222540336,-49.24392932932902,12.5,-58.614551115355574,16,-0.43232422137850846,2025-05-29,2025-12-20
METISUSDT,1.3350223098473244,45.70280969421168,48.38709677419355,-39.76791236024303,31,0.2933066915644277,2024-03-12,2025-12-20
MEUSDT,1.6962586578902596,45.84898874698213,39.130434782608695,-35.614582852015296,23,0.3377534451328577,2024-12-10,2025-12-20
MEWUSDT,1.0013296539137506,0.1362680328194532,40.74074074074074,-43.56615368572417,27,0.11744905652423401,2024-06-17,2025-12-20
MILKUSDT,0.7966331897890728,-11.034260289369557,30.76923076923077,-43.92719531242808,13,-1.8229421328453388,2025-05-06,2025-12-28
MINAUSDT,1.2258110939835836,42.482008131653416,37.28813559322034,-46.792786613735935,59,0.19880533847895693,2023-02-07,2025-12-20
MKRUSDT,1.119440264979553,72.5776144759847,31.182795698924732,-44.379927450374716,93,0.3512724431395482,2021-01-01,2025-12-28
MLNUSDT,0.3861039599277642,-38.39897664389314,42.857142857142854,-50.65971623087668,14,-0.8643129267944629,2025-03-31,2025-12-20
MOCAUSDT,0.6818221775010115,-26.34330866846287,29.629629629629626,-48.61995253480188,27,-1.4077962880049106,2024-12-16,2025-12-20
MOODENGUSDT,0.5782911998043013,-63.0726652981082,32.0,-66.61271215596689,25,-0.702026030302275,2024-10-25,2025-12-20
MORPHOUSDT,0.27067308736848733,-55.2038409421159,22.727272727272727,-60.78535173320322,22,-1.5570099396602697,2024-11-27,2025-12-20
MOVEUSDT,2.088437385402662,67.15709037970639,66.66666666666666,-25.002217744802728,15,0.6408932342845325,2024-12-09,2025-12-20
MOVRUSDT,0.7217469074834406,-38.86693228173236,29.166666666666668,-56.59129490202335,48,-0.4340939768824992,2023-12-26,2025-12-20
MTLUSDT,0.6782233433441647,-60.14342701446176,32.58426966292135,-74.10266877532577,89,-0.2918933414908929,2021-11-11,2025-12-20
MUBARAKUSDT,0.3626353075055595,-45.965631508170034,31.25,-47.919830808611955,16,-1.2898471813043135,2025-03-17,2025-12-20
MYROUSDT,0.8604960275793279,-22.245498837886203,42.857142857142854,-51.88576384509982,35,-0.061627468225031276,2024-03-05,2025-12-28
NEARUSDT,1.13956971453807,93.8415507135429,36.11111111111111,-55.97935605246196,108,0.3795989062168937,2021-01-01,2026-01-24
NEIROETHUSDT,0.3534370416028799,-72.64990109381661,19.230769230769234,-83.01993702287717,26,-1.520585398780067,2024-09-06,2025-12-28
NEIROUSDT,0.6025777719213716,-42.24742623703202,40.0,-63.3463275840655,30,-0.5846211625899923,2024-09-16,2025-12-20
NEOUSDT,0.8128054346116105,-45.24502552451353,33.69565217391305,-64.84432176745439,92,-0.23430289613629302,2021-11-11,2025-12-20
NFPUSDT,1.4686435664325064,87.4928629876367,45.714285714285715,-36.38898860330858,35,0.511148141979199,2023-12-27,2025-12-20
NILUSDT,0.7819430506683193,-13.461182861973686,23.076923076923077,-44.70877939256746,13,-0.8604479810495211,2025-03-24,2025-12-20
NKNUSDT,0.6346011824015851,-74.25881135445962,29.545454545454547,-88.39999927623462,88,-0.4080434612932315,2021-11-11,2025-12-20
NMRUSDT,0.6456115959467361,-71.32565048196517,25.806451612903224,-78.50172747534786,62,-0.7521577946151062,2023-06-22,2025-12-20
NOTUSDT,1.0630743386096098,5.921449979033033,36.11111111111111,-43.32620796617553,36,0.2035115722086908,2024-05-16,2025-12-20
NTRNUSDT,1.3371148041770435,47.972598547924726,39.02439024390244,-38.322698347289936,41,0.33003225313014845,2023-11-14,2025-12-20
NULSUSDT,1.739372640920108,33.42841483413248,23.076923076923077,-42.783208572736086,13,-0.13144031170086184,2024-08-26,2025-12-28
OBOLUSDT,0.8575825339449015,-7.5221471413051795,46.15384615384615,-42.13009906351283,13,-1.0577588198247194,2025-05-07,2025-12-28
OCEANUSDT,0.6536331335940682,-53.47399394945214,29.166666666666668,-76.22195853824061,72,-0.034255531733815396,2021-01-01,2025-12-28
OGNUSDT,0.9334663705637326,-30.523189514901027,39.53488372093023,-74.43590043412127,86,-0.0019672670824674994,2021-11-11,2025-12-20
OGUSDT,2.804797166420319,51.79922315558328,36.36363636363637,-9.62713363293189,11,0.9385260334665704,2025-05-12,2025-12-20
OLUSDT,0.18914463728693562,-59.38134971683229,25.0,-64.78325406337771,12,-1.9987858012194892,2025-06-25,2025-12-20
OMGUSDT,1.1855486154351456,75.44744179460122,35.526315789473685,-33.947558467713016,76,0.339074549219337,2021-01-01,2025-12-28
OMNIUSDT,1.3625846694647326,44.76784700422984,39.285714285714285,-33.981808053059595,28,0.5402196541064647,2024-04-17,2025-12-28
OMUSDT,2.6465670262176553,279.6547507799368,35.483870967741936,-40.31117493720883,31,0.8437337773211168,2024-02-13,2025-12-20
ONDOUSDT,0.8038580625451149,-30.702094165461947,30.434782608695656,-65.4033683051321,46,-0.21405091824849523,2024-01-20,2025-12-20
ONEUSDT,1.3102597553688629,160.53379780687496,38.666666666666664,-56.97085667011529,75,0.43525096826694804,2021-11-11,2025-12-20
ONGUSDT,0.6111328890310773,-38.47346773978345,40.0,-55.66910232686789,45,-0.5557679990526048,2023-11-27,2025-12-20
ONTUSDT,0.8619207679069028,-37.022109473959176,36.36363636363637,-73.02580166812479,88,-0.18639852941664445,2021-11-11,2025-12-20
OPUSDT,0.7454288694421296,-52.11179158877728,29.11392405063291,-67.40237449528715,79,-0.16870409155079696,2022-06-01,2025-12-20
ORBSUSDT,0.8892957984246692,-6.142431458635434,31.818181818181817,-22.833623790654496,22,-0.0236243827668859,2023-10-17,2025-12-28
ORCAUSDT,0.9168229594633329,-7.669206948130613,29.166666666666668,-40.04273059502869,24,-0.10700551108328685,2024-12-06,2025-12-20
ORDIUSDT,0.4701271278488409,-79.19899244088016,24.528301886792452,-79.91700065355026,53,-0.86615652928123,2023-11-07,2025-12-20
OXTUSDT,0.8803256425769953,-17.78822112642935,30.18867924528302,-51.505937617523024,53,-0.06614468286385197,2023-08-11,2025-12-20
PARTIUSDT,0.881598311564135,-7.903943656231094,29.411764705882355,-29.271414319401217,17,0.021465616052142335,2025-03-25,2025-12-20
PAXGUSDT,1.9034422005270488,8.7178433174385,25.0,-7.319695706709972,12,0.3707030634047362,2025-03-27,2025-12-20
PENDLEUSDT,0.8656188637181412,-42.74717510664342,28.30188679245283,-80.87954091209107,53,-0.0702538600620636,2023-07-28,2025-12-20
PENGUUSDT,1.1108017788506186,10.1912738794391,41.17647058823529,-38.51752897831521,17,0.15099478681278203,2024-12-17,2025-12-20
PEOPLEUSDT,0.6350472537490288,-175.877462712725,46.06741573033708,-235.0930488223508,89,0.02543284054054479,2021-12-24,2025-12-20
PERPUSDT,1.301601208578176,74.78335522342927,41.17647058823529,-41.45259950067536,51,0.25095117847110743,2023-03-06,2025-12-28
PHAUSDT,0.9947257639148177,-0.4387176375677537,30.434782608695656,-40.20973468057933,23,-0.0002535782542918558,2024-12-30,2025-12-20
PHBUSDT,1.0354987134555265,13.435609021664785,34.42622950819672,-63.253277221419054,61,0.2586379967089262,2023-02-16,2025-12-20
PIPPINUSDT,0.19375193844242453,-156.00275020195147,28.57142857142857,-107.73261960601694,21,-1.4789219914425191,2025-01-24,2025-12-20
PIXELUSDT,1.406944796695872,85.22746294392299,40.0,-49.42584604135752,35,0.4901693671627575,2024-02-19,2025-12-20
PNUTUSDT,0.7334993869365217,-24.288325657752363,40.909090909090914,-46.138326153368965,22,-0.28257378696841984,2024-11-11,2025-12-20
POLUSDT,1.2264693019990254,12.767237813485522,40.0,-27.508244889597293,25,-0.1713502575908429,2024-09-13,2025-12-20
POLYXUSDT,1.1889998711535807,22.196228192255376,38.297872340425535,-34.15661997005793,47,0.2034690492093052,2023-10-25,2025-12-20
PONKEUSDT,1.8221879703177752,65.55563512749991,66.66666666666666,-22.83053602058447,18,0.6610556213152585,2024-11-04,2025-12-28
POPCATUSDT,0.8028862142450883,-24.282521318275364,46.666666666666664,-53.7703169050957,30,-0.22938111116860363,2024-08-22,2025-12-20
PORT3USDT,0.05557425325465267,-95.21014841278918,16.666666666666664,-93.27346438487561,12,-2.602909861992094,2025-06-04,2025-12-28
PORTALUSDT,2.9339089315633444,419.55594384917293,57.14285714285714,-24.268986299102682,28,1.393633152452934,2024-02-29,2025-12-20
POWRUSDT,0.6205228183223646,-41.497080953559816,34.04255319148936,-59.18260734300959,47,-0.5633060313005771,2023-10-27,2025-12-20
PROMPTUSDT,0.827625108015844,-15.66418766776766,46.666666666666664,-48.842902585951975,15,-0.13674984259675252,2025-04-11,2025-12-20
PROMUSDT,0.32772209081233206,-39.28792691967076,20.588235294117645,-39.93753457248349,34,-1.8031734867219804,2025-01-15,2025-12-20
PUFFERUSDT,0.6152117723359751,-13.991618110711757,27.27272727272727,-33.535989797732476,11,-0.6840293203551289,2025-06-04,2025-12-20
PUNDIXUSDT,0.9171169323825981,-2.2592091105479772,41.66666666666667,-21.178894881564577,12,-0.4034680870626698,2025-04-30,2025-12-20
PYTHUSDT,0.7409495600771053,-47.911354619823584,39.53488372093023,-71.73375061495132,43,-0.3913538004879722,2023-11-22,2025-12-20
QNTUSDT,0.8882032758692852,-14.519175949017482,33.33333333333333,-39.2752521264166,60,-0.15762316452144037,2022-10-20,2025-12-20
QTUMUSDT,0.843621617014725,-49.23428740127689,30.526315789473685,-71.30506849147949,95,-0.22606931478162878,2021-11-11,2025-12-20
QUICKUSDT,0.3708223946946093,-52.81301964000769,22.857142857142858,-60.922045867229755,35,-1.8420326799446383,2024-09-06,2025-12-28
RADUSDT,0.2905387051722401,-42.612772454746676,29.166666666666668,-43.06570969008934,24,-1.1194843818608577,2023-05-10,2025-12-28
RAREUSDT,0.5086201579228689,-43.52819204447198,27.586206896551722,-64.97793201402867,29,-0.8972423979620453,2024-08-15,2025-12-20
RAYSOLUSDT,1.004231952958447,0.3044776085835643,38.88888888888889,-39.94860850413859,18,0.021635115916592267,2024-12-10,2025-12-20
RAYUSDT,2.5086173652232944,135.0168221558905,40.0,-23.323559267347328,20,0.4071829435278012,2021-08-20,2025-12-28
RDNTUSDT,0.8392875899477035,-32.12022448369205,43.75,-61.06080691780662,48,-0.04264685208461345,2023-04-05,2025-12-20
REDUSDT,0.1918964670688021,-81.87131108506756,20.0,-83.71950334238328,20,-2.0073611966779574,2025-03-06,2025-12-20
REEFUSDT,1.0575113616712324,19.210198398905387,40.845070422535215,-42.11971679854691,71,0.22546715624728728,2021-02-22,2025-12-28
REIUSDT,1.2042119553067876,18.829961063128643,44.44444444444444,-39.31235258149714,27,0.07433727898624269,2024-09-27,2025-12-28
RENDERUSDT,1.0509710743530785,3.1106133019225046,37.03703703703704,-39.57256791667449,27,-0.3781118498633148,2024-07-26,2025-12-20
RENUSDT,0.5327369998536283,-90.67577636644481,25.510204081632654,-91.78055724362706,98,-0.6520011409056736,2021-01-01,2025-12-28
REZUSDT,0.9820530093784554,-3.343507761680653,33.33333333333333,-56.16420570216805,36,0.046846112955555796,2024-04-30,2025-12-20
RIFUSDT,1.071973933987075,12.17585939830288,31.70731707317073,-45.03115250839077,41,0.22027061886786395,2023-10-21,2025-12-20
RLCUSDT,0.692633607015159,-74.13855689922846,28.431372549019606,-83.34773983022139,102,-0.43795598837872485,2021-11-11,2025-12-20
RONINUSDT,1.5582307953449566,74.55766578518327,38.88888888888889,-36.27825643333428,36,0.5763510614600925,2024-02-06,2025-12-20
ROSEUSDT,1.304282918741603,156.8457324056817,38.15789473684211,-40.854141104861746,76,0.45612464939353736,2021-12-31,2025-12-20
RPLUSDT,0.7866354881930376,-25.91130622690364,32.0,-65.37441119054715,25,-0.476052937738616,2024-09-09,2025-12-20
RSRUSDT,1.143145074467306,85.3849522002292,34.5679012345679,-55.979522852646404,81,0.37584016769947326,2021-11-11,2025-12-20
RUNEUSDT,1.2351717540939933,69.27704280941158,40.229885057471265,-57.43152472684541,87,0.32973404235183873,2021-11-11,2025-12-20
RVNUSDT,1.0504557290409866,22.74165116572908,39.02439024390244,-67.29003003947341,82,0.24789313986304745,2021-11-11,2025-12-20
SAFEUSDT,1.6142396988598622,64.74073201731414,42.857142857142854,-31.367197121991623,21,0.7348203691443759,2024-10-25,2025-12-20
SAGAUSDT,1.287399942390715,58.470536592550815,40.0,-41.054620919672466,30,0.42793774418320385,2024-04-09,2025-12-20
SANDUSDT,1.43972635600962,798.417713357349,35.1063829787234,-39.15990130585419,94,0.43619349307365873,2021-01-25,2026-01-24
SANTOSUSDT,1.2292722824732787,13.04246582537678,37.5,-21.701671070749114,24,0.2693440918173985,2024-10-28,2025-12-20
SCRTUSDT,0.5836717352199637,-29.774103518031225,28.57142857142857,-46.484888667207066,21,-1.415062769041462,2024-11-21,2025-12-20
SCRUSDT,2.9667849689714467,152.34517956519645,56.25,-19.085506331981776,16,1.001127212189785,2024-10-22,2025-12-20
SCUSDT,1.2725454696699217,20.387859260899653,41.66666666666667,-43.279945423276594,24,0.06411083161316163,2021-04-12,2025-12-28
SEIUSDT,1.2918282031222825,78.47248546813186,40.909090909090914,-42.17942864759473,44,0.46641298381186047,2023-08-17,2025-12-20
SFPUSDT,0.4847540275805742,-90.90993343902856,21.100917431192663,-93.1626982516338,109,-1.2650805643743015,2021-11-11,2025-12-20
SHELLUSDT,1.0288172790524472,2.215920122427839,40.0,-45.42795876923018,15,0.08382296479703023,2025-02-17,2025-12-20
SIGNUSDT,0.452480251557071,-31.312443602140515,17.647058823529413,-38.77173267732047,17,-0.9224864310311812,2025-04-28,2025-12-20
SIRENUSDT,0.17068825914700192,-47.59164037116621,25.0,-55.3141019686566,16,-2.6663040364929125,2025-03-22,2025-12-20
SKLUSDT,1.1292760791391832,82.32068828474415,38.20224719101123,-55.31083310370863,89,0.3649146767335681,2021-11-11,2025-12-20
SKYAIUSDT,0.29994151764860694,-79.97078256470908,30.76923076923077,-81.8348345985628,13,-1.5158282390104363,2025-05-13,2025-12-20
SLERFUSDT,0.20461835580109522,-196.5496056558062,31.57894736842105,-177.14725948145357,19,-0.7755765490557681,2024-11-21,2025-12-28
SNTUSDT,0.07857611790988218,-28.346397950633474,8.333333333333332,-30.76368922230856,12,-1.374156567380884,2023-11-02,2025-12-28
SNXUSDT,0.7037029951806858,-79.15508209781376,30.337078651685395,-86.93801954625332,89,-0.6062309251178561,2021-11-11,2025-12-20
SOLUSDT,1.483208100748914,2005.203555774378,36.36363636363637,-33.7251255967497,110,0.5776354263764484,2021-01-01,2026-01-24
SOLVUSDT,1.0137224762591772,0.8427310685954259,22.22222222222222,-35.26337645806965,18,0.08010171008772331,2025-01-17,2025-12-20
SONICUSDT,1.3335642013388818,17.905692539676377,50.0,-32.67755966675639,16,-0.018740405187831446,2025-01-08,2025-12-20
SOPHUSDT,0.9388938975649186,-2.015748673514939,30.0,-23.566239115938977,10,0.09370077159906172,2025-05-28,2025-12-20
SPELLUSDT,1.0519939243766583,14.517411478553232,32.857142857142854,-50.66438113516348,70,0.23641976206374551,2022-09-06,2025-12-20
SPXUSDT,0.4154790701633463,-58.61399616135399,20.0,-70.58220492209455,25,-0.9593611072537828,2024-12-10,2025-12-20
SSVUSDT,1.125528363944361,45.18774908987213,40.67796610169492,-51.354279217876865,59,0.40277224212897184,2023-02-24,2025-12-20
STEEMUSDT,0.5017212148040915,-43.92380880442135,27.083333333333332,-57.19609044957606,48,-0.858839595082711,2023-11-08,2025-12-20
STGUSDT,0.6263287945852721,-57.62539828866316,37.68115942028986,-67.64852805434461,69,-0.5307869615380495,2022-08-25,2025-12-20
STMXUSDT,0.8868367074247346,-40.05202234813054,29.67032967032967,-69.95802496196653,91,-0.06561925014218664,2021-03-22,2025-12-28
STORJUSDT,1.0275505904117692,6.509960980251339,37.03703703703704,-39.485405415159505,81,0.0997485514018349,2021-11-11,2025-12-20
STOUSDT,0.3010395764461227,-36.56844754533305,12.5,-36.56844754533305,16,-1.5690799056187879,2025-04-12,2025-12-20
STPTUSDT,0.17405078281523206,-36.74983559768942,13.333333333333334,-38.25211573905189,15,-1.2066178950062707,2023-10-18,2025-12-28
STRKUSDT,1.1350434139795627,25.6517721696653,33.33333333333333,-52.70760303956755,33,0.15809528543611173,2024-02-20,2025-12-20
STXUSDT,1.2106170333762958,39.90338569838203,35.0,-50.645357299258634,60,0.32315811557945795,2023-02-21,2025-12-20
SUIUSDT,0.969453586436637,-6.555008018852937,36.36363636363637,-55.77743794961501,55,0.10686460684113275,2023-05-03,2025-12-20
SUNUSDT,0.1822363910278366,-52.70370647806419,29.629629629629626,-53.671648008433905,27,-1.8358342523756568,2024-08-22,2025-12-20
SUPERUSDT,0.8794934437942261,-25.308743524106582,31.818181818181817,-66.39657735345729,44,0.037073967191913824,2023-11-26,2025-12-20
SUSDT,1.6785965108483039,43.24201424343328,31.57894736842105,-31.64973299327039,19,0.3110741846953848,2025-01-16,2025-12-20
SUSHIUSDT,1.049959688889513,29.69453593881337,34.523809523809526,-65.96870237804676,84,0.2105300361420785,2021-11-11,2025-12-20
SWARMSUSDT,0.49344738604663707,-64.42986414240752,38.095238095238095,-64.42986414240751,21,-0.9178983873314911,2025-01-07,2025-12-20
SWELLUSDT,1.2827066293742813,28.7136739214263,38.095238095238095,-36.56427197615918,21,-0.05520679831661828,2024-11-08,2025-12-28
SXPUSDT,0.6922835946382135,-72.1114410426652,33.00970873786408,-82.38194708791634,103,-0.41388740212184494,2021-01-01,2025-12-28
SXTUSDT,0.9422310388315648,-2.0830014224375915,25.0,-31.314524028915958,12,-2.099490941838667,2025-05-02,2025-12-20
SYNUSDT,1.7796135914904863,60.67088737996815,50.0,-23.505892723128,24,0.5878870894335628,2024-08-16,2025-12-20
SYRUPUSDT,0.05658082563982002,-47.85696561629622,7.142857142857142,-47.85696561629622,14,-2.9206630238130327,2025-05-07,2025-12-20
SYSUSDT,1.222035869533145,18.657944155718642,39.285714285714285,-39.361545351443546,28,0.07189686889528701,2024-08-19,2025-12-20
TACUSDT,0.40261950587524764,-55.64875827913794,14.285714285714285,-61.94605531094918,14,-1.6493090365128769,2025-07-15,2025-12-20
TAOUSDT,0.5545303250044331,-56.09840895746919,35.294117647058826,-69.24321751905876,34,-0.9509338441682593,2024-04-11,2025-12-20
THETAUSDT,1.237230907881276,94.33429895382963,37.362637362637365,-50.59769559715244,91,0.35964192719726445,2021-11-11,2025-12-20
THEUSDT,0.8985780375397141,-17.206943855995327,33.33333333333333,-69.61544770400643,18,0.11933247385848704,2024-11-27,2025-12-20
TIAUSDT,1.3317875988097834,40.317207521867694,36.36363636363637,-47.84999936479043,44,0.36038152345582447,2023-10-31,2025-12-20
TLMUSDT,1.3599052299536705,66.68827836305755,41.66666666666667,-28.524006897600078,48,0.42259594705223474,2023-03-30,2025-12-20
TNSRUSDT,1.0763438214460646,17.183818338006084,39.285714285714285,-48.324531052508476,28,0.2982811550592272,2024-04-08,2025-12-20
TOKENUSDT,2.448555546322585,286.0359700655576,47.368421052631575,-37.45251741467992,38,0.8567911988749134,2023-11-03,2025-12-28
TONUSDT,0.7878567317593899,-18.199639495122845,38.88888888888889,-37.58935691305456,36,-0.23094986354665817,2024-03-01,2025-12-20
TRBUSDT,0.6997328723409172,-91.20437398105135,29.03225806451613,-94.54900931029357,93,-0.1925052092329198,2021-11-11,2025-12-20
TRUMPUSDT,1.3176882329738,19.763216245251837,41.17647058823529,-21.5835535411143,17,0.1487799309534073,2025-01-18,2025-12-20
TRUUSDT,0.9197371733048334,-18.656129919813925,33.33333333333333,-66.58539034935096,57,0.03330022877852071,2023-03-07,2025-12-20
TRXUSDT,0.8812701972964978,-18.514724247989278,24.509803921568626,-52.3796383721025,102,-0.052271301146988046,2021-11-11,2025-12-20
TSTUSDT,0.6550441556101051,-23.060262903447924,29.411764705882355,-37.41938019415423,17,-0.37182597945881196,2025-02-09,2025-12-20
TURBOUSDT,1.1490378451613201,16.28012164871069,50.0,-39.30524076590371,28,0.22996418598579937,2024-05-30,2025-12-20
TUSDT,0.8205608930734931,-37.31016812087242,32.25806451612903,-61.85566419567755,62,-0.33584108251001255,2023-02-01,2025-12-20
TUTUSDT,0.3711020880671937,-50.258172345761345,35.714285714285715,-62.11195091761047,14,-0.9878477246606971,2025-03-20,2025-12-20
TWTUSDT,0.5051014634037407,-42.547035776005075,30.23255813953488,-42.57919321324812,43,-0.954629719352837,2023-11-03,2025-12-20
UMAUSDT,0.6265355599982563,-60.40827173579051,29.03225806451613,-73.9176166107353,62,-0.25332444055862663,2023-05-10,2025-12-20
UNFIUSDT,0.4383844827879772,-93.90349043801717,26.373626373626376,-94.49704368565023,91,-0.7428704673831282,2021-02-19,2025-12-28
UNIUSDT,0.6036794919067879,-85.36089130593186,26.72413793103448,-89.06889542830257,116,-0.37755356639499316,2021-01-01,2026-01-24
USDCUSDT,0.0,-23.585215591600818,0.0,-23.46037549914,108,-5.180030007572787,2023-03-12,2025-12-20
USTCUSDT,0.7446518191033833,-33.43948625429941,31.11111111111111,-61.480465232645976,45,-0.3092435487395878,2023-11-27,2025-12-20
USUALUSDT,0.9236717398537068,-8.474783851981705,43.47826086956522,-27.235246869649416,23,0.13879491534276062,2024-12-18,2025-12-20
UXLINKUSDT,2.1879256838550325,119.63384105444005,38.095238095238095,-37.51717861588288,21,0.5027052704104863,2024-09-15,2025-12-28
VANAUSDT,0.7216085422684624,-25.015764097670846,22.727272727272727,-39.50865802446253,22,-0.3970226514180328,2024-12-16,2025-12-20
VANRYUSDT,1.8204368633456518,99.75475619893272,45.16129032258064,-28.425393925064572,31,0.6254119268156588,2024-03-13,2025-12-20
VELODROMEUSDT,1.6455823044130318,51.16513175859414,52.63157894736842,-27.653925287654136,19,0.4846495897677906,2024-12-13,2025-12-20
VETUSDT,1.2597700447454536,104.56434454832748,34.93975903614458,-46.5824490757358,83,0.3864403187383448,2021-11-11,2025-12-20
VICUSDT,2.1138146683878345,40.591349222371505,58.333333333333336,-19.930428379455098,12,0.7853508855265677,2025-03-12,2025-12-20
VIDTUSDT,1.2814644095629801,14.487238739000997,50.0,-32.66469676828764,10,-0.27753927437797604,2024-08-23,2025-12-28
VINEUSDT,0.21749446809582218,-75.13742276184767,20.0,-76.7768470205511,20,-1.8823676977104373,2025-01-24,2025-12-20
VIRTUALUSDT,1.2588127275091858,19.075178004321103,41.17647058823529,-38.26480491021568,17,0.23647609629623767,2024-12-10,2025-12-20
VOXELUSDT,1.6167118985803355,51.15385604989315,40.74074074074074,-44.358492376710146,27,0.5276434748253074,2024-08-20,2025-12-28
VTHOUSDT,2.0902772587914304,28.90417489258357,50.0,-11.949500703247429,18,0.7803546704610774,2025-01-22,2025-12-20
VVVUSDT,1.349670452472122,22.75167878819706,42.857142857142854,-16.18126870117173,14,0.5932188326704194,2025-01-29,2025-12-20
WALUSDT,0.9652618989658251,-1.6009105067621432,38.88888888888889,-37.22209325856147,18,-0.17915362715539063,2025-03-27,2025-12-20
WAVESUSDT,2.1595213857920874,462.17319992741454,41.37931034482759,-37.72330522141083,58,0.6569957723195322,2021-01-01,2025-12-28
WAXPUSDT,1.0007880559428826,0.0732829112314759,34.883720930232556,-38.502370238818884,43,0.04474918524344726,2023-10-18,2025-12-20
WCTUSDT,1.8612120879111869,29.19313557139811,45.45454545454545,-28.48810312725256,11,0.2457135720020184,2025-04-15,2025-12-20
WIFUSDT,1.1252068487229927,34.97974446725822,38.095238095238095,-60.262608281525296,42,0.38004492316594174,2024-01-18,2025-12-20
WLDUSDT,1.0075164398139553,1.930632664132692,32.075471698113205,-50.87091026267364,53,0.24579771047029866,2023-07-24,2025-12-20
WOOUSDT,1.1041006826984359,26.49473410433827,31.57894736842105,-45.9385042463264,76,0.27707415816257575,2022-04-08,2025-12-20
WUSDT,1.152375197511712,22.981022418129783,39.39393939393939,-44.367978427590806,33,0.14019273439371746,2024-04-03,2025-12-20
XAIUSDT,1.2002756841102544,40.79950633330191,34.21052631578947,-31.56748613951545,38,0.34358985783835155,2024-01-09,2025-12-20
XEMUSDT,0.9381261311362586,-20.329482316731053,32.5,-68.90630368999825,80,0.08075730655866438,2021-03-03,2025-12-28
XLMUSDT,1.0019000464528258,0.630515701969192,32.35294117647059,-59.989558173034766,102,0.18193990386961356,2021-01-01,2026-01-24
XMRUSDT,0.35760715739661014,-76.02571194949029,23.595505617977526,-87.39014945841423,89,-0.6779832794564513,2021-11-11,2025-12-20
XRPUSDT,1.0351376795218454,15.77405832369596,24.545454545454547,-70.57383562946835,110,0.2569256233311958,2021-01-01,2026-01-24
XTZUSDT,0.9598827386313833,-11.346851778217172,35.63218390804598,-48.96550338959424,87,0.04685825245567305,2021-11-11,2025-12-20
XVGUSDT,0.3506631960690635,-88.33961899689413,17.24137931034483,-87.94343496012905,58,-1.3264145955042108,2023-07-05,2025-12-20
XVSUSDT,0.6692535554716897,-62.267338223061394,23.076923076923077,-70.07234761138045,65,-0.5116859338533387,2023-04-13,2025-12-20
YFIUSDT,1.0284676668148998,8.587596000606034,28.235294117647058,-54.57659597357316,85,0.09515797989665553,2021-11-11,2025-12-20
YGGUSDT,0.49745469678516696,-71.66480020637421,30.909090909090907,-80.5484656100864,55,-0.9810034277191895,2023-08-05,2025-12-20
ZECUSDT,1.571698367678983,151.61666623581218,32.608695652173914,-62.65297569199597,92,0.35233675048929813,2021-11-11,2025-12-20
ZENUSDT,0.7292985685628166,-71.48755394112301,29.545454545454547,-78.88400597545098,88,-0.32454654693966023,2021-11-11,2025-12-20
ZEREBROUSDT,0.37957092265001746,-109.3011236914264,50.0,-108.4859572163339,20,-0.6841620207969615,2025-01-02,2025-12-20
ZETAUSDT,1.3774480762786456,54.71350068603444,39.02439024390244,-35.36433703472163,41,0.4660800807970748,2024-02-02,2025-12-20
ZILUSDT,0.9891404050269568,-2.5693763365358446,34.11764705882353,-52.03995220812497,85,0.08605740303852305,2021-11-11,2025-12-20
ZKUSDT,0.757340560893068,-25.392556047696967,37.03703703703704,-53.795841846562865,27,-0.6389855865622207,2024-06-17,2025-12-20
ZROUSDT,0.7754076678588102,-31.347166745903323,30.0,-50.73774619224706,30,-0.23288192741303776,2024-06-20,2025-12-20
ZRXUSDT,0.8453914363129096,-40.808384282972945,32.94117647058823,-63.46117985984817,85,0.015464653410398582,2021-11-11,2025-12-20
