exchange,universe,strategy,kama_p,tsmom_p,btc_ma_p,return,sharpe,mdd,trades
upbit,btc_only,buy_hold,5,90,30,29.392839630426607,0.8101180400522938,-0.8681314677160764,1
upbit,btc_only,buy_hold,10,60,30,29.392839630426607,0.8101180400522938,-0.8681314677160764,1
upbit,btc_only,buy_hold,20,30,50,29.392839630426607,0.8101180400522938,-0.8681314677160764,1
upbit,btc_only,kama_only,5,90,30,8.702118718642362,0.6979512328789761,-0.6218876725171031,520
upbit,btc_only,kama_only,10,60,30,16.516334471968236,0.8356071619547254,-0.5857160544195766,376
upbit,btc_only,kama_only,20,30,50,13.088981138922787,0.7901755588613113,-0.5382380402829819,314
upbit,btc_only,tsmom_only,5,90,30,3.3312850735884667,0.5179939829227004,-0.7317709386806243,126
upbit,btc_only,tsmom_only,10,60,30,14.912606007212572,0.7839988688621916,-0.7749070323727753,121
upbit,btc_only,tsmom_only,20,30,50,32.124252446938094,0.9630803501749624,-0.7211548429155307,193
upbit,btc_only,kama_or_tsmom,5,90,30,10.890260132082133,0.6874751619950694,-0.7810541049088239,286
upbit,btc_only,kama_or_tsmom,10,60,30,17.427995271676693,0.7755103427573892,-0.7559926396224138,247
upbit,btc_only,kama_or_tsmom,20,30,50,31.859942300345242,0.923026742969132,-0.594726764224342,237
upbit,btc_only,kama_and_tsmom,5,90,30,2.57687360185912,0.5255206024325157,-0.61610781029561,358
upbit,btc_only,kama_and_tsmom,10,60,30,14.307985544298068,0.8849570152724412,-0.5255674984644245,248
upbit,btc_only,kama_and_tsmom,20,30,50,14.262597629502768,0.8519183524774124,-0.589700135163288,258
upbit,btc_only,or_loose,5,90,30,58.15280028458404,1.1302941739103882,-0.5588423896163648,256
upbit,btc_only,or_loose,10,60,30,92.77395226086526,1.2207765664464914,-0.49933225411751303,206
upbit,btc_only,or_loose,20,30,50,82.36387952804145,1.1944634282654867,-0.5724020639837105,136
upbit,top5,buy_hold,5,90,30,3.9509478433177634,0.5485364359448645,-0.882375149444363,2
upbit,top5,buy_hold,10,60,30,3.9509478433177634,0.5485364359448645,-0.882375149444363,2
upbit,top5,buy_hold,20,30,50,3.9509478433177634,0.5485364359448645,-0.882375149444363,2
upbit,top5,kama_only,5,90,30,35.38505468403689,0.7439936488410631,-0.9016883296020874,1406
upbit,top5,kama_only,10,60,30,57.81152159813317,0.8159968524485878,-0.9082068259490526,946
upbit,top5,kama_only,20,30,50,261.8737062195352,1.0018997762289443,-0.8444935925413122,720
upbit,top5,tsmom_only,5,90,30,-0.6552306335154333,0.07669362477405317,-0.9208916959685153,218
upbit,top5,tsmom_only,10,60,30,1.543500952514858,0.4064837585350537,-0.8399771601211379,286
upbit,top5,tsmom_only,20,30,50,4.211761199377164,0.5204065361335644,-0.8438381961377078,479
upbit,top5,kama_or_tsmom,5,90,30,5.011279500995371,0.5332411173082497,-0.9249634424519495,610
upbit,top5,kama_or_tsmom,10,60,30,-0.011081630834244424,0.2792745591937766,-0.8556774534620565,564
upbit,top5,kama_or_tsmom,20,30,50,9.147562530204345,0.6097514614338885,-0.8308080571384218,591
upbit,top5,kama_and_tsmom,5,90,30,8.06181788909424,0.5913246989203125,-0.8391009708029571,898
upbit,top5,kama_and_tsmom,10,60,30,52.64363080855146,0.8734955611951827,-0.7300480446891244,628
upbit,top5,kama_and_tsmom,20,30,50,173.97704134915128,0.9941167253908006,-0.7724471694475523,600
upbit,top5,or_loose,5,90,30,60.40336165190338,0.8656579123952398,-0.7004523360021687,922
upbit,top5,or_loose,10,60,30,3.882854620517543,0.517991290136843,-0.7483334639012178,744
upbit,top5,or_loose,20,30,50,26.55626005067779,0.8846401050304671,-0.7240683723146731,462
upbit,top10,buy_hold,5,90,30,8.768606876324721,0.615114959031036,-0.9006194683867818,5
upbit,top10,buy_hold,10,60,30,8.768606876324721,0.615114959031036,-0.9006194683867818,5
upbit,top10,buy_hold,20,30,50,8.768606876324721,0.615114959031036,-0.9006194683867818,5
upbit,top10,kama_only,5,90,30,1.3564313622989146,0.3963985359010198,-0.9117765554528116,2814
upbit,top10,kama_only,10,60,30,60.27191776586677,0.8520843575638042,-0.8306735321844454,1699
upbit,top10,kama_only,20,30,50,54.36588472291456,0.8397196835907211,-0.8642302868558426,1349
upbit,top10,tsmom_only,5,90,30,-0.8482178237400334,-0.06859232718291755,-0.9517428892752274,412
upbit,top10,tsmom_only,10,60,30,0.629875773388862,0.3383495685401384,-0.8781730802736438,487
upbit,top10,tsmom_only,20,30,50,46.647263262046884,0.8472690982831762,-0.7862390759798357,792
upbit,top10,kama_or_tsmom,5,90,30,0.46142509075751675,0.34159911661749726,-0.9383257395137327,1436
upbit,top10,kama_or_tsmom,10,60,30,6.40803174319712,0.5751854565839731,-0.8257302545892931,1100
upbit,top10,kama_or_tsmom,20,30,50,10.616842950448396,0.6354242813776735,-0.7920630812232937,986
upbit,top10,kama_and_tsmom,5,90,30,0.8069947025468045,0.33340555268666816,-0.8637448095290999,1650
upbit,top10,kama_and_tsmom,10,60,30,38.86296130879769,0.8192937790858276,-0.7654606174167341,1156
upbit,top10,kama_and_tsmom,20,30,50,69.56672214577047,0.8891290354445728,-0.7525896783866551,1173
upbit,top10,or_loose,5,90,30,76.98990979540928,1.0538526185846342,-0.5944048302628878,1796
upbit,top10,or_loose,10,60,30,30.00124168339267,0.9311525733294748,-0.5950278069814332,1402
upbit,top10,or_loose,20,30,50,71.24147045507557,1.1496577544088158,-0.6299426756208385,940
upbit,top20,buy_hold,5,90,30,10.670345773218951,0.6076665135003252,-0.9493476783598119,7
upbit,top20,buy_hold,10,60,30,10.670345773218951,0.6076665135003252,-0.9493476783598119,7
upbit,top20,buy_hold,20,30,50,10.670345773218951,0.6076665135003252,-0.9493476783598119,7
upbit,top20,kama_only,5,90,30,2.3054841475789165,0.4845407951411662,-0.9596758019665629,4217
upbit,top20,kama_only,10,60,30,10.344615888818705,0.6346894948777749,-0.9304213038878687,2659
upbit,top20,kama_only,20,30,50,3.4606269919823403,0.5122025181004999,-0.9545430151831407,1893
upbit,top20,tsmom_only,5,90,30,5.050174151674757,0.5446822459724976,-0.9024587184991265,450
upbit,top20,tsmom_only,10,60,30,-0.13852052888445215,0.28783647281019714,-0.9459379161106009,743
upbit,top20,tsmom_only,20,30,50,4.706563856239985,0.5370844989892902,-0.8964020225101218,1223
upbit,top20,kama_or_tsmom,5,90,30,3.628603716243805,0.5252938323456102,-0.9253866306132532,2040
upbit,top20,kama_or_tsmom,10,60,30,0.7777376052135336,0.4086319559008085,-0.9122650331464195,1668
upbit,top20,kama_or_tsmom,20,30,50,-0.1312925294521434,0.2906628689135833,-0.9374530047712932,1426
upbit,top20,kama_and_tsmom,5,90,30,11.108691655556893,0.6254260066183461,-0.7909839682113274,2178
upbit,top20,kama_and_tsmom,10,60,30,22.018042429988633,0.720977574111107,-0.7930323208758266,1672
upbit,top20,kama_and_tsmom,20,30,50,64.44072385019345,0.8501424923786038,-0.8460019174440846,1644
upbit,top20,or_loose,5,90,30,434.1972389291058,1.2665272200509299,-0.6158708417335162,2900
upbit,top20,or_loose,10,60,30,44.32081536202219,0.9510737721917871,-0.6599739645898967,2346
upbit,top20,or_loose,20,30,50,61.90717556379742,1.0679813350593643,-0.7250185695813333,1588
bithumb,btc_only,buy_hold,5,90,30,167.50025673771938,0.822507249251949,-0.8566066365850736,1
bithumb,btc_only,buy_hold,10,60,30,167.50025673771938,0.822507249251949,-0.8566066365850736,1
bithumb,btc_only,buy_hold,20,30,50,167.50025673771938,0.822507249251949,-0.8566066365850736,1
bithumb,btc_only,kama_only,5,90,30,89.64332155916061,0.8625837301699402,-0.5879671018228205,692
bithumb,btc_only,kama_only,10,60,30,75.2432936579968,0.8431680569961532,-0.6267325207692427,558
bithumb,btc_only,kama_only,20,30,50,63.196315064035915,0.8163265596645283,-0.6106977942334055,426
bithumb,btc_only,tsmom_only,5,90,30,152.08203747355319,0.9032927580984247,-0.6854430379746835,168
bithumb,btc_only,tsmom_only,10,60,30,124.10830402713025,0.8830350944111318,-0.7586242631296881,164
bithumb,btc_only,tsmom_only,20,30,50,450.6977618840368,1.1042717537272972,-0.6368402664344928,258
bithumb,btc_only,kama_or_tsmom,5,90,30,176.40562113675935,0.8676176106278563,-0.7190946734662539,358
bithumb,btc_only,kama_or_tsmom,10,60,30,104.9668856303274,0.8126944655317615,-0.7317184300015548,352
bithumb,btc_only,kama_or_tsmom,20,30,50,372.45654605929525,1.0148049113267836,-0.6144451534068998,324
bithumb,btc_only,kama_and_tsmom,5,90,30,86.13588288371055,0.9682878707189764,-0.5025073493064197,484
bithumb,btc_only,kama_and_tsmom,10,60,30,93.4417445288653,0.9811277001186318,-0.551901358365919,362
bithumb,btc_only,kama_and_tsmom,20,30,50,81.44720621412758,0.9176462018579734,-0.5411836517932133,350
bithumb,btc_only,or_loose,5,90,30,128.189869131097,0.9299491123119429,-0.6061805788856198,372
bithumb,btc_only,or_loose,10,60,30,144.42886869095022,0.9442309262232313,-0.6346675840342335,346
bithumb,btc_only,or_loose,20,30,50,1049.1765501929137,1.2437401319801649,-0.5482250795513973,188
bithumb,top5,buy_hold,5,90,30,167.50025673771938,0.822507249251949,-0.8566066365850736,1
bithumb,top5,buy_hold,10,60,30,167.50025673771938,0.822507249251949,-0.8566066365850736,1
bithumb,top5,buy_hold,20,30,50,167.50025673771938,0.822507249251949,-0.8566066365850736,1
bithumb,top5,kama_only,5,90,30,201.90330582454632,0.8147733230925094,-0.9159465524005895,1458
bithumb,top5,kama_only,10,60,30,206.05441141043937,0.8341368358187445,-0.7633271873451795,1054
bithumb,top5,kama_only,20,30,50,544.889711557267,0.8977247692849322,-0.7741950303091154,828
bithumb,top5,tsmom_only,5,90,30,5.973872966721011,0.4794448515296864,-0.9408115471274248,258
bithumb,top5,tsmom_only,10,60,30,22.979574359132673,0.6264396656951191,-0.8781205593976268,280
bithumb,top5,tsmom_only,20,30,50,-1.0,0.48872910416367504,-1.0,521
bithumb,top5,kama_or_tsmom,5,90,30,23.895700539871957,0.6151910613469512,-0.8746186462402138,632
bithumb,top5,kama_or_tsmom,10,60,30,18.589957552331104,0.593251836462286,-0.8120990178847707,540
bithumb,top5,kama_or_tsmom,20,30,50,-1.0,0.8199679971967038,-1.0,571
bithumb,top5,kama_and_tsmom,5,90,30,99.858060656995,0.7717320621675635,-0.9333912170863704,988
bithumb,top5,kama_and_tsmom,10,60,30,239.16088412411412,0.883676993069098,-0.8240874531464839,738
bithumb,top5,kama_and_tsmom,20,30,50,214.88816784627699,0.8204702686501961,-0.7252244725544565,768
bithumb,top5,or_loose,5,90,30,231.4020483622304,0.9864381847672228,-0.6061805788856198,956
bithumb,top5,or_loose,10,60,30,234.86572133519155,0.9958016807476117,-0.6346675840342335,788
bithumb,top5,or_loose,20,30,50,1442.1343728508175,1.2294828527056143,-0.6931122741653173,446
bithumb,top10,buy_hold,5,90,30,167.50025673771938,0.822507249251949,-0.8566066365850736,1
bithumb,top10,buy_hold,10,60,30,167.50025673771938,0.822507249251949,-0.8566066365850736,1
bithumb,top10,buy_hold,20,30,50,167.50025673771938,0.822507249251949,-0.8566066365850736,1
bithumb,top10,kama_only,5,90,30,217.4537462149647,0.7978657742567277,-0.9266200975691392,2505
bithumb,top10,kama_only,10,60,30,118.92805396704472,0.7559900569124591,-0.8818533129910288,1723
bithumb,top10,kama_only,20,30,50,319.94161580695265,0.8240472020397953,-0.8524206581498084,1117
bithumb,top10,tsmom_only,5,90,30,4.639147640548628,0.46202102344633744,-0.9341685811302939,349
bithumb,top10,tsmom_only,10,60,30,8.782666511658269,0.518192307101268,-0.8407222400894212,469
bithumb,top10,tsmom_only,20,30,50,63.229902840484,0.7167469961698847,-0.7563689325469002,808
bithumb,top10,kama_or_tsmom,5,90,30,6.451578707137603,0.48785707721015403,-0.8960707574913589,1185
bithumb,top10,kama_or_tsmom,10,60,30,26.196066115081216,0.6213304047514722,-0.7938701641562315,1005
bithumb,top10,kama_or_tsmom,20,30,50,838.9602503328217,0.914216267145751,-0.8263856756220198,854
bithumb,top10,kama_and_tsmom,5,90,30,426.35310299346594,0.9051797595107411,-0.893348980481451,1441
bithumb,top10,kama_and_tsmom,10,60,30,408.4273801009832,0.9022336468385729,-0.7822046740958586,1133
bithumb,top10,kama_and_tsmom,20,30,50,232.69215002885218,0.8086759778920714,-0.7834539741757326,1053
bithumb,top10,or_loose,5,90,30,190.95134453332668,0.9113865040629661,-0.6061805788856198,1770
bithumb,top10,or_loose,10,60,30,639.4307753496737,1.048872447677757,-0.6346675840342335,1512
bithumb,top10,or_loose,20,30,50,2661.8464276741383,1.2377148691272613,-0.7009665958954308,838
bithumb,top20,buy_hold,5,90,30,167.50025673771938,0.822507249251949,-0.8566066365850736,1
bithumb,top20,buy_hold,10,60,30,167.50025673771938,0.822507249251949,-0.8566066365850736,1
bithumb,top20,buy_hold,20,30,50,167.50025673771938,0.822507249251949,-0.8566066365850736,1
bithumb,top20,kama_only,5,90,30,65.17120040670997,0.6847603523937094,-0.9600897057226451,3139
bithumb,top20,kama_only,10,60,30,34.38507167636576,0.6429447179345238,-0.9135396082668467,2180
bithumb,top20,kama_only,20,30,50,168.41270794629511,0.758578807823984,-0.9062626360820901,1504
bithumb,top20,tsmom_only,5,90,30,2.5559220282018824,0.41952043877003153,-0.9488210225672435,402
bithumb,top20,tsmom_only,10,60,30,26.08493938022746,0.6210586415160084,-0.8855860103060392,531
bithumb,top20,tsmom_only,20,30,50,151.58794645506256,0.7781265527838283,-0.9084888392649348,1044
bithumb,top20,kama_or_tsmom,5,90,30,9.370186024936979,0.5232300001722259,-0.8635104536082678,1522
bithumb,top20,kama_or_tsmom,10,60,30,24.40639868448159,0.6109497093300338,-0.8688845587411352,1184
bithumb,top20,kama_or_tsmom,20,30,50,1826.9997938837937,0.9569940593708546,-0.8647582770423761,1102
bithumb,top20,kama_and_tsmom,5,90,30,669.6162670162597,0.9251946032603031,-0.8945105158339672,1787
bithumb,top20,kama_and_tsmom,10,60,30,403.3471187833488,0.8753856137400905,-0.759290835032699,1373
bithumb,top20,kama_and_tsmom,20,30,50,103.57631043577122,0.7232313005351853,-0.8836021384895633,1339
bithumb,top20,or_loose,5,90,30,256.45013479823933,0.9334827996690386,-0.6061805788856198,2318
bithumb,top20,or_loose,10,60,30,1201.7767604293658,1.1026394551912564,-0.6346675840342335,1964
bithumb,top20,or_loose,20,30,50,3616.984621915733,1.2550430781782598,-0.6573736329602735,1102
binance_spot,btc_only,buy_hold,5,90,30,19.79433236569642,0.7249856835758351,-0.8318705353076483,1
binance_spot,btc_only,buy_hold,10,60,30,19.79433236569642,0.7249856835758351,-0.8318705353076483,1
binance_spot,btc_only,buy_hold,20,30,50,19.79433236569642,0.7249856835758351,-0.8318705353076483,1
binance_spot,btc_only,kama_only,5,90,30,-0.5085484099519081,0.03511822553522913,-0.8871841245458432,576
binance_spot,btc_only,kama_only,10,60,30,-0.0003260121922063263,0.1821464410443391,-0.7240089378680928,436
binance_spot,btc_only,kama_only,20,30,50,5.5234767434863725,0.6034988263190894,-0.6533477330037952,304
binance_spot,btc_only,tsmom_only,5,90,30,6.531921616270389,0.6074078307380251,-0.6858370102714944,114
binance_spot,btc_only,tsmom_only,10,60,30,15.721575656362102,0.7730404701365994,-0.6636420655893749,153
binance_spot,btc_only,tsmom_only,20,30,50,10.297207182757502,0.6982560153115923,-0.7822417854070772,245
binance_spot,btc_only,kama_or_tsmom,5,90,30,1.1173010690352232,0.3707697911163173,-0.8363717392451895,322
binance_spot,btc_only,kama_or_tsmom,10,60,30,5.667779620338501,0.5692549879499881,-0.8085969083156914,279
binance_spot,btc_only,kama_or_tsmom,20,30,50,8.704878200788364,0.6500273121296363,-0.7469577196681239,273
binance_spot,btc_only,kama_and_tsmom,5,90,30,0.7907176413241704,0.3056722807770926,-0.7160575578375885,364
binance_spot,btc_only,kama_and_tsmom,10,60,30,1.630272459785865,0.40638904836403705,-0.6230879738835391,302
binance_spot,btc_only,kama_and_tsmom,20,30,50,6.685492781878732,0.6696185333826873,-0.5458672454634214,274
binance_spot,btc_only,or_loose,5,90,30,2.777514199349632,0.47604666792440115,-0.6927264990064492,310
binance_spot,btc_only,or_loose,10,60,30,6.77842978211007,0.6314423618932686,-0.7319082146594941,280
binance_spot,btc_only,or_loose,20,30,50,44.444771310461135,0.9986503238398066,-0.625785213043024,172
binance_spot,top5,buy_hold,5,90,30,14.273718129446765,0.6783955590812514,-0.870218555777809,2
binance_spot,top5,buy_hold,10,60,30,14.273718129446765,0.6783955590812514,-0.870218555777809,2
binance_spot,top5,buy_hold,20,30,50,14.273718129446765,0.6783955590812514,-0.870218555777809,2
binance_spot,top5,kama_only,5,90,30,-0.9814853720677149,-0.35762329035302204,-0.9917535087539984,1559
binance_spot,top5,kama_only,10,60,30,-0.8276994695274745,-0.14319165227959646,-0.9464025051523752,1083
binance_spot,top5,kama_only,20,30,50,0.8007473710037982,0.32339627339164,-0.8170300636076313,753
binance_spot,top5,tsmom_only,5,90,30,0.06977982320027805,0.23630654686903363,-0.8677289817787985,335
binance_spot,top5,tsmom_only,10,60,30,-0.18157286741673043,0.17951112033954364,-0.846822735063914,501
binance_spot,top5,tsmom_only,20,30,50,-0.4480958845448628,0.09717434237264476,-0.8660073790164496,713
binance_spot,top5,kama_or_tsmom,5,90,30,0.7152776286675009,0.34424599037752796,-0.8640461643110842,647
binance_spot,top5,kama_or_tsmom,10,60,30,1.370731182882909,0.38492361438272843,-0.8006936286915088,625
binance_spot,top5,kama_or_tsmom,20,30,50,1.0163015678200569,0.35247538526270983,-0.8637532910132124,635
binance_spot,top5,kama_and_tsmom,5,90,30,-0.9836414323321887,-0.8044721590954533,-0.9922797758656215,1173
binance_spot,top5,kama_and_tsmom,10,60,30,-0.8101472841123617,-0.18375824641182884,-0.9289364950514784,863
binance_spot,top5,kama_and_tsmom,20,30,50,-0.13597301288854305,0.16951088569520878,-0.8821863715711071,801
binance_spot,top5,or_loose,5,90,30,1.1097498442411773,0.3490370651564265,-0.7216349965805209,974
binance_spot,top5,or_loose,10,60,30,5.331372731378753,0.6273879583697625,-0.5846443883318686,818
binance_spot,top5,or_loose,20,30,50,9.240128675194043,0.7037119063498413,-0.718138145024129,559
binance_spot,top10,buy_hold,5,90,30,14.273718129446765,0.6783955590812514,-0.870218555777809,2
binance_spot,top10,buy_hold,10,60,30,14.273718129446765,0.6783955590812514,-0.870218555777809,2
binance_spot,top10,buy_hold,20,30,50,14.273718129446765,0.6783955590812514,-0.870218555777809,2
binance_spot,top10,kama_only,5,90,30,-0.24226549509132447,0.2625481041773056,-0.924773952573756,2667
binance_spot,top10,kama_only,10,60,30,0.023257578894788095,0.2877060634134623,-0.925900638767882,1827
binance_spot,top10,kama_only,20,30,50,9.254846085803777,0.6003861564533075,-0.8508185919269429,1295
binance_spot,top10,tsmom_only,5,90,30,0.23010323949066042,0.32822904393029306,-0.8789972101033439,450
binance_spot,top10,tsmom_only,10,60,30,0.8150658244524442,0.37561729644311714,-0.8812376285802734,643
binance_spot,top10,tsmom_only,20,30,50,2.8918711506167027,0.4571810598376338,-0.8856885210257642,1089
binance_spot,top10,kama_or_tsmom,5,90,30,4.494307254797268,0.5299338266119611,-0.8541821841225467,1303
binance_spot,top10,kama_or_tsmom,10,60,30,2.149821102898441,0.45477445658094584,-0.8870761783727136,1028
binance_spot,top10,kama_or_tsmom,20,30,50,1.5024024445405977,0.39934790792888447,-0.8764790205427813,1126
binance_spot,top10,kama_and_tsmom,5,90,30,-0.8908208804476307,-0.08864770568412489,-0.9497332469590342,1813
binance_spot,top10,kama_and_tsmom,10,60,30,-0.9432880921364587,-0.2053017440314706,-0.9806345505944191,1337
binance_spot,top10,kama_and_tsmom,20,30,50,20.387696200331124,0.6833567934664408,-0.8331896364598212,1203
binance_spot,top10,or_loose,5,90,30,7.644186992011187,0.627476880606347,-0.6908416773894823,2066
binance_spot,top10,or_loose,10,60,30,19.89388965060631,0.8133596696833173,-0.6672431156799378,1752
binance_spot,top10,or_loose,20,30,50,117.96268024212837,0.9049724810007332,-0.685214981644788,1073
binance_spot,top20,buy_hold,5,90,30,14.273718129446765,0.6783955590812514,-0.870218555777809,2
binance_spot,top20,buy_hold,10,60,30,14.273718129446765,0.6783955590812514,-0.870218555777809,2
binance_spot,top20,buy_hold,20,30,50,14.273718129446765,0.6783955590812514,-0.870218555777809,2
binance_spot,top20,kama_only,5,90,30,-0.6703031377760129,0.19140793198283,-0.9614786806708769,3489
binance_spot,top20,kama_only,10,60,30,0.3081063023286486,0.33691240302979214,-0.9064248876184527,2287
binance_spot,top20,kama_only,20,30,50,4.7116192799629735,0.5306136083022538,-0.8929470270659361,1583
binance_spot,top20,tsmom_only,5,90,30,0.14400050403295553,0.32424478233015,-0.8795174769473412,516
binance_spot,top20,tsmom_only,10,60,30,5.15175863675132,0.5450932218799359,-0.8012144160391853,799
binance_spot,top20,tsmom_only,20,30,50,1.5737015140350605,0.4183449663686632,-0.9006294664595472,1381
binance_spot,top20,kama_or_tsmom,5,90,30,3.025562378537721,0.4917509812652333,-0.8897930686116821,1825
binance_spot,top20,kama_or_tsmom,10,60,30,0.4266536214047919,0.3428214734622669,-0.8972697894983804,1449
binance_spot,top20,kama_or_tsmom,20,30,50,0.5231488925734206,0.35985709527412657,-0.9331738831720388,1491
binance_spot,top20,kama_and_tsmom,5,90,30,-0.8506298274513416,-0.011583519514390947,-0.9322804666135409,2115
binance_spot,top20,kama_and_tsmom,10,60,30,-0.7787751153762126,0.055910548277172956,-0.9511155918223763,1633
binance_spot,top20,kama_and_tsmom,20,30,50,16.408073825198816,0.6582673721779222,-0.9003726173200595,1463
binance_spot,top20,or_loose,5,90,30,9.036465583451099,0.6466921354460453,-0.7532357600327633,2890
binance_spot,top20,or_loose,10,60,30,40.678129801999425,0.9148803024647796,-0.6780647029372239,2456
binance_spot,top20,or_loose,20,30,50,87.60455974626973,0.9526678288227595,-0.6840078623298272,1502
binance_futures,btc_only,buy_hold,5,90,30,7.3783498574932205,0.714702930361188,-0.7666956183209539,1
binance_futures,btc_only,buy_hold,10,60,30,7.3783498574932205,0.714702930361188,-0.7666956183209539,1
binance_futures,btc_only,buy_hold,20,30,50,7.3783498574932205,0.714702930361188,-0.7666956183209539,1
binance_futures,btc_only,kama_only,5,90,30,-0.6175366035899839,-0.1337929508428419,-0.8845628035585653,430
binance_futures,btc_only,kama_only,10,60,30,-0.17129879802904288,0.10568934144355935,-0.7155289232768343,320
binance_futures,btc_only,kama_only,20,30,50,0.8735046247705978,0.3715813412372408,-0.6498364390202879,230
binance_futures,btc_only,tsmom_only,5,90,30,2.4719081929236877,0.5556221502371005,-0.6214310751113046,80
binance_futures,btc_only,tsmom_only,10,60,30,5.6877484938670095,0.7597067220253884,-0.6456230088171319,104
binance_futures,btc_only,tsmom_only,20,30,50,5.720311278711448,0.7771372376556789,-0.5728904514350832,176
binance_futures,btc_only,kama_or_tsmom,5,90,30,0.43399785690713816,0.31336395770600634,-0.8365366861141643,226
binance_futures,btc_only,kama_or_tsmom,10,60,30,2.5875314658123147,0.550330696029411,-0.8033435934756981,192
binance_futures,btc_only,kama_or_tsmom,20,30,50,3.6969584876272763,0.6402891172433599,-0.6692338152195155,198
binance_futures,btc_only,kama_and_tsmom,5,90,30,-0.07400294003692762,0.10997169836361285,-0.7150453297232762,284
binance_futures,btc_only,kama_and_tsmom,10,60,30,0.6014632279504942,0.3208430517418594,-0.5348005718165212,226
binance_futures,btc_only,kama_and_tsmom,20,30,50,1.7129327831332215,0.5127775771876981,-0.5478431371296801,206
binance_futures,btc_only,or_loose,5,90,30,1.1405716584311671,0.4140256730681122,-0.6837994432102303,228
binance_futures,btc_only,or_loose,10,60,30,3.0576022237548015,0.6207868724762347,-0.592720411650254,202
binance_futures,btc_only,or_loose,20,30,50,11.47876131522891,0.9696591526047335,-0.6202529044154511,130
binance_futures,top5,buy_hold,5,90,30,7.3783498574932205,0.714702930361188,-0.7666956183209539,1
binance_futures,top5,buy_hold,10,60,30,7.3783498574932205,0.714702930361188,-0.7666956183209539,1
binance_futures,top5,buy_hold,20,30,50,7.3783498574932205,0.714702930361188,-0.7666956183209539,1
binance_futures,top5,kama_only,5,90,30,-0.739050550435873,0.014726280974855548,-0.9458587202625208,1251
binance_futures,top5,kama_only,10,60,30,0.8408371007192073,0.3971246091204935,-0.8372971018064713,756
binance_futures,top5,kama_only,20,30,50,2.8892621096084863,0.5361681037868483,-0.9303952886101206,526
binance_futures,top5,tsmom_only,5,90,30,0.7303771802465245,0.4008649144328928,-0.8661446063680408,164
binance_futures,top5,tsmom_only,10,60,30,0.5432637249813969,0.37654073248910946,-0.8733527619269574,280
binance_futures,top5,tsmom_only,20,30,50,10.733847975648324,0.7817125379755641,-0.6645927863579825,396
binance_futures,top5,kama_or_tsmom,5,90,30,-0.20279856701627233,0.2675006590721056,-0.9160662134995196,595
binance_futures,top5,kama_or_tsmom,10,60,30,6.482532108338716,0.660601369708922,-0.8167311347112726,358
binance_futures,top5,kama_or_tsmom,20,30,50,3.672154361620327,0.5786966429178935,-0.7873679834807008,428
binance_futures,top5,kama_and_tsmom,5,90,30,0.16500406199588943,0.2953890316133658,-0.8331533093537128,796
binance_futures,top5,kama_and_tsmom,10,60,30,0.27702854061318577,0.3094285780075585,-0.920532922413941,588
binance_futures,top5,kama_and_tsmom,20,30,50,3.5396779861891816,0.5678168300507481,-0.8923532397386592,502
binance_futures,top5,or_loose,5,90,30,11.018426979019647,0.8335525641857539,-0.6501898997318644,972
binance_futures,top5,or_loose,10,60,30,18.09421858024956,0.9373534468269992,-0.5924562022662097,804
binance_futures,top5,or_loose,20,30,50,20.404830581920518,0.9962182729769993,-0.6543744314719174,464
binance_futures,top10,buy_hold,5,90,30,7.3783498574932205,0.714702930361188,-0.7666956183209539,1
binance_futures,top10,buy_hold,10,60,30,7.3783498574932205,0.714702930361188,-0.7666956183209539,1
binance_futures,top10,buy_hold,20,30,50,7.3783498574932205,0.714702930361188,-0.7666956183209539,1
binance_futures,top10,kama_only,5,90,30,0.4520024850839391,0.38081427372516224,-0.9033096148389337,1549
binance_futures,top10,kama_only,10,60,30,15.17326824132042,0.7757180188209896,-0.8435494882139964,978
binance_futures,top10,kama_only,20,30,50,19.58055069125276,0.8098147240672018,-0.9456506478553032,634
binance_futures,top10,tsmom_only,5,90,30,-0.3684139487856048,0.21999616998317362,-0.8902265268035073,190
binance_futures,top10,tsmom_only,10,60,30,2.0302128524718257,0.510334406265273,-0.8359855603081251,304
binance_futures,top10,tsmom_only,20,30,50,14.006957001919549,0.8140914659555334,-0.6898933976889744,510
binance_futures,top10,kama_or_tsmom,5,90,30,-0.10521444061779421,0.29359495619992193,-0.9092042092480598,717
binance_futures,top10,kama_or_tsmom,10,60,30,39.789854394125896,0.8585547189437319,-0.8708631884695144,508
binance_futures,top10,kama_or_tsmom,20,30,50,9.424561728772975,0.7186977223338388,-0.8949469072101817,494
binance_futures,top10,kama_and_tsmom,5,90,30,2.243418741981565,0.5057085180831541,-0.8725204410112029,1010
binance_futures,top10,kama_and_tsmom,10,60,30,1.8097444013435984,0.4736087076578181,-0.9197073907062261,752
binance_futures,top10,kama_and_tsmom,20,30,50,24.24422701226436,0.8672077828789945,-0.7830275744959633,602
binance_futures,top10,or_loose,5,90,30,6.35526086681816,0.7131096825364747,-0.7000850432610155,1384
binance_futures,top10,or_loose,10,60,30,17.25276939321953,0.9211065522446921,-0.5956258757586378,1130
binance_futures,top10,or_loose,20,30,50,88.326278289858,1.0106200713472062,-0.614294535915589,672
binance_futures,top20,buy_hold,5,90,30,7.3783498574932205,0.714702930361188,-0.7666956183209539,1
binance_futures,top20,buy_hold,10,60,30,7.3783498574932205,0.714702930361188,-0.7666956183209539,1
binance_futures,top20,buy_hold,20,30,50,7.3783498574932205,0.714702930361188,-0.7666956183209539,1
binance_futures,top20,kama_only,5,90,30,5.733373463020145,0.5752324328760795,-0.9629944040157514,2086
binance_futures,top20,kama_only,10,60,30,33.291852574294765,0.7292202754259006,-0.9298796150026166,1225
binance_futures,top20,kama_only,20,30,50,12.863036947473889,0.7337653929646551,-0.9566839481558914,889
binance_futures,top20,tsmom_only,5,90,30,0.239530654691155,0.36760427168599524,-0.877647459310842,258
binance_futures,top20,tsmom_only,10,60,30,12.810654109941845,0.7557711901788715,-0.835301853211176,365
binance_futures,top20,tsmom_only,20,30,50,43.68382743479251,0.8234085851210693,-0.8516350267710816,707
binance_futures,top20,kama_or_tsmom,5,90,30,0.6861246941634228,0.4074278414943285,-0.9489417082034683,994
binance_futures,top20,kama_or_tsmom,10,60,30,4.13689712792793,0.5959456822767606,-0.8560457982145792,657
binance_futures,top20,kama_or_tsmom,20,30,50,2.898268098078798,0.5550475383474093,-0.9103579770572794,677
binance_futures,top20,kama_and_tsmom,5,90,30,0.8937061565759971,0.4233205617824242,-0.9123619628602776,1248
binance_futures,top20,kama_and_tsmom,10,60,30,1.9387271747013248,0.5016907195252643,-0.9333889113164563,901
binance_futures,top20,kama_and_tsmom,20,30,50,246.19057544918837,0.9191438116074225,-0.9190078075312147,797
binance_futures,top20,or_loose,5,90,30,7.5596506513290445,0.7350823268963093,-0.7926838621856745,1992
binance_futures,top20,or_loose,10,60,30,12.823149153434086,0.8435039589532904,-0.7530423087313479,1638
binance_futures,top20,or_loose,20,30,50,58.82643741538956,1.0050066053723135,-0.6745823869256071,960
